"","FRP","Uniq_ID","trtmnt_tank","sample_day","infection_status","maturity","tube_number","Test_Date","Original_sample_conc_ng.ul","total_sample_vol_ul","total_yield_ng","extraction_method"
"1",6107,"6107_115_9","ambient",9,0,"M","115",NA,NA,NA,NA,"RNAzol"
"2",6109,"6109_31_9","ambient",9,0,"I","31",NA,NA,NA,NA,"RNAzol"
"3",6110,"6110_135_9","ambient",9,0,"I","135",NA,NA,NA,NA,"RNAzol"
"4",6111,"6111_90_9","ambient",9,1,"I","90",NA,NA,NA,NA,"RNAzol"
"5",6112,"6112_28_9","ambient",9,0,"I","28",NA,NA,NA,NA,"RNAzol"
"6",6114,"6114_142_9","ambient",9,1,"I","142",NA,NA,NA,NA,"RNAzol"
"7",6115,"6115_33_9","ambient",9,1,"I","33",NA,NA,NA,NA,"RNAzol"
"8",6121,"6121_15_9","ambient",9,1,"I","15",NA,NA,NA,NA,"RNAzol"
"9",6122,"6122_133_9","ambient",9,1,"I","133",NA,NA,NA,NA,"RNAzol"
"10",6123,"6123_82_9","ambient",9,0,"I","82",NA,NA,NA,NA,"RNAzol"
"11",6124,"6124_75_9","ambient",9,0,"M","75",NA,NA,NA,NA,"RNAzol"
"12",6125,"6125_144_9","ambient",9,1,"I","144",NA,NA,NA,NA,"RNAzol"
"13",6127,"6127_37_9","ambient",9,0,"I","37","5/1/18 17:58","3.38",35,"118.3","RNAzol"
"14",6130,"6130_47_9","ambient",9,0,"I","47","4/9/18 13:18","7.32",35,"256.2","RNAzol"
"15",6131,"6131_38_9","ambient",9,0,"I","38","4/9/18 13:19","0",35,"0","RNAzol"
"16",6134,"6134_77_9","ambient",9,1,"I","77","3/26/18 13:25","1.71",35,"59.85","RNAzol"
"17",6135,"6135_4_9","ambient",9,1,"M","4","4/6/18 13:38","3.52",35,"123.2","RNAzol"
"18",6136,"6136_91_9","ambient",9,0,"M","91",NA,NA,NA,NA,"RNAzol"
"19",6137,"6137_81_9","ambient",9,1,"I","81",NA,NA,NA,NA,"RNAzol"
"20",6139,"6139_104_9","ambient",9,3,"M","104",NA,NA,NA,NA,"RNAzol"
"21",6142,"6142_65_9","ambient",9,0,"I","65","3/27/18 15:08","0",35,"0","RNAzol"
"22",6143,"6143_10_9","ambient",9,0,"M","10",NA,NA,NA,NA,"RNAzol"
"23",6144,"6144_14_9","ambient",9,1,"I","14","4/6/18 13:38","4.92",35,"172.2","RNAzol"
"24",6145,"6145_59_9","ambient",9,1,"I","59","4/6/18 14:03","2.34",35,"81.9","RNAzol"
"25",6146,"6146_12_9","ambient",9,0,"I","12","4/9/18 13:37","0",35,"0","RNAzol"
"26",6150,"6150_119_9","ambient",9,0,"M","119",NA,NA,NA,NA,"RNAzol"
"27",6152,"6152_32_9","ambient",9,0,"M","32",NA,NA,NA,NA,"RNAzol"
"28",6155,"6155_66_9","ambient",9,1,"I","66","4/6/18 14:03","0",35,"0","RNAzol"
"29",6158,"6158_101_9","ambient",9,1,"I","101",NA,NA,NA,NA,"RNAzol"
"30",6159,"6159_26_9","ambient",9,1,"I","26","4/6/18 14:02","1.38",35,"48.3","RNAzol"
"31",6161,"6161_53_9","ambient",9,0,"M","53",NA,NA,NA,NA,"RNAzol"
"32",6165,"6165_55_9","ambient",9,0,"I","55","3/28/18 14:16","1.16",35,"40.6","RNAzol"
"33",6166,"6166_21_9","ambient",9,0,"I","21","4/9/18 13:37","1.72",35,"60.2","RNAzol"
"34",6168,"6168_27_9","ambient",9,1,"I","27",NA,NA,NA,NA,"RNAzol"
"35",6169,"6169_57_9","ambient",9,1,"I","57",NA,NA,NA,NA,"RNAzol"
"36",6170,"6170_70_9","ambient",9,1,"I","70",NA,NA,NA,NA,"RNAzol"
"37",6176,"6176_48_9","ambient",9,0,"M","48",NA,NA,NA,NA,"RNAzol"
"38",6179,"6179_34_9","ambient",9,0,"M","34",NA,NA,NA,NA,"RNAzol"
"39",6181,"6181_175_9","ambient",9,0,"I","175","4/28/18 15:42","1.64",35,"57.4","RNAzol"
"40",6182,"6182_137_9","ambient",9,1,"I","137",NA,NA,NA,NA,"RNAzol"
"41",6183,"6183_141_9","ambient",9,1,"I","141","5/1/18 17:58","Out of range",35,"#VALUE!","RNAzol"
"42",6184,"6184_148_9","ambient",9,1,"I","148","5/1/18 14:27","5.08",35,"177.8","RNAzol"
"43",6185,"6185_145_9","ambient",9,0,"I","145","4/28/18 15:42","4.4",35,"154","RNAzol"
"44",6186,"6186_171_9","ambient",9,0,"I","171","4/28/18 15:42","3.41",35,"119.35","RNAzol"
"45",6192,"6192_178_9","ambient",9,1,"I","178","5/1/18 14:27","26",35,"910","RNAzol"
"46",6193,"6193_174_9","ambient",9,1,"I","174","5/1/18 14:28","3.36",35,"117.6","RNAzol"
"47",6195,"6195_150_9","ambient",9,1,"I","150","5/1/18 17:59","5.04",35,"176.4","RNAzol"
"48",6201,"6201_163_9","ambient",9,1,"I","163",NA,NA,NA,NA,"RNAzol"
"49",6202,"6202_109_9","ambient",9,1,"I","109",NA,NA,NA,NA,"RNAzol"
"50",6205,"6205_121_9","ambient",9,0,"I","121",NA,NA,NA,NA,"RNAzol"
"51",6206,"6206_103_9","ambient",9,1,"I","103",NA,NA,NA,NA,"RNAzol"
"52",6211,"6211_118_9","ambient",9,1,"I","118",NA,NA,NA,NA,"RNAzol"
"53",6212,"6212_132_9","ambient",9,1,"I","132",NA,NA,NA,NA,"RNAzol"
"54",6213,"6213_108_9","ambient",9,0,"I","108",NA,NA,NA,NA,"RNAzol"
"55",6214,"6214_107_9","ambient",9,1,"I","107","5/2/18 13:07","2.59",35,"90.65","RNAzol"
"56",6241,"6241_62_9","ambient",9,1,"I","62",NA,NA,NA,NA,"RNAzol"
"57",6252,"6252_99_9","ambient",9,3,"M","99",NA,NA,NA,NA,"RNAzol"
"58",6272,"6272_111_9","ambient",9,0,"I","111",NA,NA,NA,NA,"RNAzol"
"59",6276,"6276_50_9","ambient",9,0,"I","50",NA,NA,NA,NA,"RNAzol"
"60",6101,"6101_84_9","cold",9,0,"I","84",NA,NA,NA,NA,"RNAzol"
"61",6102,"6102_18_9","cold",9,0,"I","18",NA,NA,NA,NA,"RNAzol"
"62",6103,"6103_46_9","cold",9,1,"I","46","4/3/18 15:08","5.04",35,"176.4","RNAzol"
"63",6104,"6104_41_9","cold",9,0,"I","41",NA,NA,NA,NA,"RNAzol"
"64",6105,"6105_43_9","cold",9,1,"I","43",NA,NA,NA,NA,"RNAzol"
"65",6106,"6106_5_9","cold",9,0,"M","5",NA,NA,NA,NA,"RNAzol"
"66",6108,"6108_6_9","cold",9,1,"I","6",NA,NA,NA,NA,"RNAzol"
"67",6113,"6113_78_9","cold",9,0,"I","78","4/24/18 14:51","2.19",35,"76.65","RNAzol"
"68",6116,"6116_76_9","cold",9,1,"I","76",NA,NA,NA,NA,"RNAzol"
"69",6117,"6117_42_9","cold",9,0,"I","42","4/24/18 14:51","0",35,"0","RNAzol"
"70",6118,"6118_87_9","cold",9,1,"I","87",NA,NA,NA,NA,"RNAzol"
"71",6119,"6119_153_9","cold",9,0,"I","153","4/10/18 17:22","2.02",35,"70.7","RNAzol"
"72",6120,"6120_165_9","cold",9,1,"I","165",NA,NA,NA,NA,"RNAzol"
"73",6126,"6126_79_9","cold",9,1,"I","79",NA,NA,NA,NA,"RNAzol"
"74",6128,"6128_112_9","cold",9,1,"I","112",NA,NA,NA,NA,"RNAzol"
"75",6132,"6132_88_9","cold",9,0,"I","88","4/10/18 14:47","2.81",35,"98.35","RNAzol"
"76",6133,"6133_36_9","cold",9,0,"I","36","4/10/18 14:47","4.16",35,"145.6","RNAzol"
"77",6138,"6138_80_9","cold",9,0,"I","80","4/24/18 14:32","2.66",35,"93.1","RNAzol"
"78",6140,"6140_8_9","cold",9,1,"I","8",NA,NA,NA,NA,"RNAzol"
"79",6141,"6141_123_9","cold",9,1,"I","123",NA,NA,NA,NA,"RNAzol"
"80",6147,"6147_30_9","cold",9,0,"I","30","4/29/18 17:58","0",35,"0","RNAzol"
"81",6148,"6148_56_9","cold",9,1,"I","56","2/28/18 17:59","0.896",35,"31.36","RNAzol"
"82",6149,"6149_64_9","cold",9,1,"I","64",NA,NA,NA,NA,"RNAzol"
"83",6151,"6151_19_9","cold",9,1,"I","19",NA,NA,NA,NA,"RNAzol"
"84",6153,"6153_11_9","cold",9,0,"M","11",NA,NA,NA,NA,"RNAzol"
"85",6154,"6154_68_9","cold",9,0,"I","68","4/29/18 17:58","2.1",35,"73.5","RNAzol"
"86",6156,"6156_24_9","cold",9,0,"I","24",NA,NA,NA,NA,"RNAzol"
"87",6157,"6157_169_9","cold",9,0,"M","169",NA,NA,NA,NA,"RNAzol"
"88",6160,"6160_7_9","cold",9,0,"M","7",NA,NA,NA,NA,"RNAzol"
"89",6162,"6162_61_9","cold",9,1,"I","61",NA,NA,NA,NA,"RNAzol"
"90",6163,"6163_130_9","cold",9,1,"I","130",NA,NA,NA,NA,"RNAzol"
"91",6164,"6164_71_9","cold",9,1,"I","71",NA,NA,NA,NA,"RNAzol"
"92",6167,"6167_45_9","cold",9,0,"I","45","4/29/18 17:58","5.4",35,"189","RNAzol"
"93",6171,"6171_73_9","cold",9,0,"I","73","5/2/18 13:08","5.28",35,"184.8","RNAzol"
"94",6172,"6172_60,_9","cold",9,0,"M","60, 100",NA,NA,NA,NA,"RNAzol"
"95",6173,"6173_63_9","cold",9,1,"I","63",NA,NA,NA,NA,"RNAzol"
"96",6174,"6174_20_9","cold",9,1,"I","20",NA,NA,NA,NA,"RNAzol"
"97",6175,"6175_67_9","cold",9,0,"I","67",NA,NA,NA,NA,"RNAzol"
"98",6177,"6177_54_9","cold",9,1,"I","54",NA,NA,NA,NA,"RNAzol"
"99",6178,"6178_124_9","cold",9,0,"M","124",NA,NA,NA,NA,"RNAzol"
"100",6187,"6187_158_9","cold",9,1,"I","158",NA,NA,NA,NA,"RNAzol"
"101",6188,"6188_172_9","cold",9,1,"I","172",NA,NA,NA,NA,"RNAzol"
"102",6189,"6189_176_9","cold",9,0,"I","176","2/28/18 18:00","Out of range",35,"#VALUE!","RNAzol"
"103",6190,"6190_101_9","cold",9,3,"M","101",NA,NA,NA,NA,"RNAzol"
"104",6191,"6191_95_9","cold",9,0,"I","95",NA,NA,NA,NA,"RNAzol"
"105",6194,"6194_98_9","cold",9,0,"M","98",NA,NA,NA,NA,"RNAzol"
"106",6196,"6196_170_9","cold",9,1,"I","170",NA,NA,NA,NA,"RNAzol"
"107",6197,"6197_161_9","cold",9,0,"M","161",NA,NA,NA,NA,"RNAzol"
"108",6198,"6198_154_9","cold",9,1,"I","154","4/4/18 13:58","1.32",35,"46.2","RNAzol"
"109",6199,"6199_151_9","cold",9,1,"I","151",NA,NA,NA,NA,"RNAzol"
"110",6200,"6200_94_9","cold",9,3,"M","94",NA,NA,NA,NA,"RNAzol"
"111",6203,"6203_113_9","cold",9,0,"M","113",NA,NA,NA,NA,"RNAzol"
"112",6204,"6204_114_9","cold",9,3,"M","114",NA,NA,NA,NA,"RNAzol"
"113",6207,"6207_128_9","cold",9,1,"I","128","4/23/18 18:01","5.32",35,"186.2","RNAzol"
"114",6208,"6208_106_9","cold",9,1,"I","106","4/23/18 18:02","3.1",35,"108.5","RNAzol"
"115",6209,"6209_125_9","cold",9,1,"I","125","4/23/18 17:40","5.88",35,"205.8","RNAzol"
"116",6215,"6215_23_9","cold",9,1,"I","23","4/23/18 17:41","1.16",35,"40.6","RNAzol"
"117",6277,"6277_177_9","cold",9,0,"I","177",NA,NA,NA,NA,"RNAzol"
"118",6278,"6278_147_9","cold",9,1,"I","147",NA,NA,NA,NA,"RNAzol"
"119",6279,"6279_13_9","cold",9,1,"I","13",NA,NA,NA,NA,"RNAzol"
"120",6129,"6129_86_9","warm",9,1,"I","86","4/20/18 14:18","3.09",35,"108.15","RNAzol"
"121",6180,"6180_149_9","warm",9,0,"I","149","4/20/18 14:30","2.51",35,"87.85","RNAzol"
"122",6210,"6210_120_9","warm",9,1,"I","120","4/20/18 14:18","0",35,"0","RNAzol"
"123",6216,"6216_40_9","warm",9,0,"I","40","5/23/18 14:54","1.75",35,"61.25","RNAzol"
"124",6217,"6217_129_9","warm",9,0,"I","129",NA,NA,NA,NA,"RNAzol"
"125",6218,"6218_93_9","warm",9,3,"I","93",NA,NA,NA,NA,"RNAzol"
"126",6219,"6219_116_9","warm",9,1,"I","116","5/24/18 13:51","4.2",35,"147","RNAzol"
"127",6220,"6220_162_9","warm",9,1,"I","162","5/24/18 13:51","2.88",35,"100.8","RNAzol"
"128",6221,"6221_16_9","warm",9,1,"I","16","5/24/18 17:46","10.2",35,"357","RNAzol"
"129",6222,"6222_1_9","warm",9,0,"M","1",NA,NA,NA,NA,"RNAzol"
"130",6223,"6223_44_9","warm",9,0,"M","44",NA,NA,NA,NA,"RNAzol"
"131",6224,"6224_74_9","warm",9,1,"I","74","5/24/18 17:46","4.6",35,"161","RNAzol"
"132",6225,"6225_92_9","warm",9,1,"I","92","5/24/18 17:46","6.56",35,"229.6","RNAzol"
"133",6226,"6226_85_9","warm",9,0,"I","85","5/23/18 14:55","10.8",35,"378","RNAzol"
"134",6227,"6227_83_9","warm",9,1,"I","83","5/24/18 17:47","3.44",35,"120.4","RNAzol"
"135",6228,"6228_29_9","warm",9,0,"I","29",NA,NA,NA,NA,"RNAzol"
"136",6229,"6229_89_9","warm",9,0,"I","89","5/23/18 14:55","4.96",35,"173.6","RNAzol"
"137",6230,"6230_22_9","warm",9,0,"M","22",NA,NA,NA,NA,"RNAzol"
"138",6231,"6231_102_9","warm",9,1,"I","102",NA,NA,NA,NA,"RNAzol"
"139",6232,"6232_52_9","warm",9,0,"M","52",NA,NA,NA,NA,"RNAzol"
"140",6233,"6233_117_9","warm",9,1,"I","117",NA,NA,NA,NA,"RNAzol"
"141",6234,"6234_2_9","warm",9,0,"I","2",NA,NA,NA,NA,"RNAzol"
"142",6235,"6235_35_9","warm",9,0,"I","35",NA,NA,NA,NA,"RNAzol"
"143",6236,"6236_157_9","warm",9,0,"I","157","5/23/18 14:55","7.6",35,"266","RNAzol"
"144",6237,"6237_17_9","warm",9,1,"I","17",NA,NA,NA,NA,"RNAzol"
"145",6238,"6238_9_9","warm",9,0,"M","9",NA,NA,NA,NA,"RNAzol"
"146",6239,"6239_166_9","warm",9,1,"I","166",NA,NA,NA,NA,"RNAzol"
"147",6240,"6240_134_9","warm",9,1,"I","134",NA,NA,NA,NA,"RNAzol"
"148",6242,"6242_39_9","warm",9,0,"M","39",NA,NA,NA,NA,"RNAzol"
"149",6243,"6243_173_9","warm",9,1,"I","173",NA,NA,NA,NA,"RNAzol"
"150",6244,"6244_58_9","warm",9,1,"I","58",NA,NA,NA,NA,"RNAzol"
"151",6245,"6245_126_9","warm",9,1,"I","126",NA,NA,NA,NA,"RNAzol"
"152",6246,"6246_3_9","warm",9,0,"I","3","5/24/18 13:50","7.2",35,"252","RNAzol"
"153",6247,"6247_152_9","warm",9,0,"I","152","5/24/18 13:51","2.46",35,"86.1","RNAzol"
"154",6248,"6248_49_9","warm",9,0,"I","49",NA,NA,NA,NA,"RNAzol"
"155",6249,"6249_96_9","warm",9,1,"I","96",NA,NA,NA,NA,"RNAzol"
"156",6250,"6250_72_9","warm",9,1,"I","72",NA,NA,NA,NA,"RNAzol"
"157",6251,"6251_167_9","warm",9,1,"I","167",NA,NA,NA,NA,"RNAzol"
"158",6253,"6253_25_9","warm",9,0,"I","25",NA,NA,NA,NA,"RNAzol"
"159",6254,"6254_69_9","warm",9,0,"I","69",NA,NA,NA,NA,"RNAzol"
"160",6255,"6255_143_9","warm",9,1,"I","143",NA,NA,NA,NA,"RNAzol"
"161",6256,"6256_146_9","warm",9,1,"I","146",NA,NA,NA,NA,"RNAzol"
"162",6257,"6257_138_9","warm",9,1,"I","138",NA,NA,NA,NA,"RNAzol"
"163",6258,"6258_140_9","warm",9,3,"M","140",NA,NA,NA,NA,"RNAzol"
"164",6259,"6259_139_9","warm",9,0,"M","139",NA,NA,NA,NA,"RNAzol"
"165",6260,"6260_136_9","warm",9,0,"M","136",NA,NA,NA,NA,"RNAzol"
"166",6261,"6261_164_9","warm",9,1,"I","164",NA,NA,NA,NA,"RNAzol"
"167",6262,"6262_168_9","warm",9,1,"I","168",NA,NA,NA,NA,"RNAzol"
"168",6263,"6263_179_9","warm",9,1,"I","179",NA,NA,NA,NA,"RNAzol"
"169",6264,"6264_180_9","warm",9,0,"I","180",NA,NA,NA,NA,"RNAzol"
"170",6265,"6265_155_9","warm",9,0,"I","155",NA,NA,NA,NA,"RNAzol"
"171",6266,"6266_156_9","warm",9,1,"I","156",NA,NA,NA,NA,"RNAzol"
"172",6267,"6267_159_9","warm",9,1,"I","159",NA,NA,NA,NA,"RNAzol"
"173",6268,"6268_97_9","warm",9,0,"I","97",NA,NA,NA,NA,"RNAzol"
"174",6269,"6269_160_9","warm",9,1,"I","160",NA,NA,NA,NA,"RNAzol"
"175",6270,"6270_131_9","warm",9,0,"M","131",NA,NA,NA,NA,"RNAzol"
"176",6271,"6271_105_9","warm",9,0,"M","105",NA,NA,NA,NA,"RNAzol"
"177",6273,"6273_127_9","warm",9,1,"I","127",NA,NA,NA,NA,"RNAzol"
"178",6274,"6274_122_9","warm",9,1,"I","122",NA,NA,NA,NA,"RNAzol"
"179",6275,"6275_110_9","warm",9,3,"M","110",NA,NA,NA,NA,"RNAzol"
"180",6107,"6107_350_12","ambient",12,0,"M","350",NA,NA,NA,NA,"RNAzol"
"181",6109,"6109_351_12","ambient",12,0,"I","351",NA,NA,NA,NA,"RNAzol"
"182",6110,"6110_331_12","ambient",12,0,"I","331",NA,NA,NA,NA,"RNAzol"
"183",6111,"6111_356_12","ambient",12,1,"I","356",NA,NA,NA,NA,"RNAzol"
"184",6112,"6112_317_12","ambient",12,0,"I","317",NA,NA,NA,NA,"RNAzol"
"185",6114,"6114_326_12","ambient",12,1,"I","326",NA,NA,NA,NA,"RNAzol"
"186",6115,"6115_307_12","ambient",12,1,"I","307",NA,NA,NA,NA,"RNAzol"
"187",6121,"6121_352_12","ambient",12,1,"I","352",NA,NA,NA,NA,"RNAzol"
"188",6122,"6122_325_12","ambient",12,1,"I","325",NA,NA,NA,NA,"RNAzol"
"189",6123,"6123_345_12","ambient",12,0,"I","345",NA,NA,NA,NA,"RNAzol"
"190",6124,"6124_347_12","ambient",12,0,"M","347",NA,NA,NA,NA,"RNAzol"
"191",6125,"6125_303_12","ambient",12,1,"I","303",NA,NA,NA,NA,"RNAzol"
"192",6127,"6127_335_12","ambient",12,0,"I","335","5/2/18 13:08","3.46",35,"121.1","RNAzol"
"193",6130,"6130_339_12","ambient",12,0,"I","339","4/9/18 13:19","0.88",35,"30.8","RNAzol"
"194",6131,"6131_314_12","ambient",12,0,"I","314","4/9/18 13:19","1.42",35,"49.7","RNAzol"
"195",6134,"6134_353_12","ambient",12,1,"I","353","4/6/18 13:39","2.68",35,"93.8","RNAzol"
"196",6135,"6135_327_12","ambient",12,1,"M","327","4/6/18 13:38","2.01",35,"70.35","RNAzol"
"197",6136,"6136_321_12","ambient",12,0,"M","321",NA,NA,NA,NA,"RNAzol"
"198",6137,"6137_301_12","ambient",12,1,"I","301",NA,NA,NA,NA,"RNAzol"
"199",6139,"6139_332_12","ambient",12,3,"M","332",NA,NA,NA,NA,"RNAzol"
"200",6142,"6142_346_12","ambient",12,0,"I","346","4/9/18 13:19","1.8",35,"63","RNAzol"
"201",6143,"6143_343_12","ambient",12,0,"M","343",NA,NA,NA,NA,"RNAzol"
"202",6144,"6144_348_12","ambient",12,1,"I","348","4/6/18 13:39","5.76",35,"201.6","RNAzol"
"203",6145,"6145_305_12","ambient",12,1,"I","305","4/6/18 14:03","2.44",35,"85.4","RNAzol"
"204",6146,"6146_309_12","ambient",12,0,"I","309","4/9/18 13:37","4",35,"140","RNAzol"
"205",6150,"6150_312_12","ambient",12,0,"M","312",NA,NA,NA,NA,"RNAzol"
"206",6152,"6152_344_12","ambient",12,0,"M","344",NA,NA,NA,NA,"RNAzol"
"207",6155,"6155_358_12","ambient",12,1,"I","358","4/6/18 14:03","3.71",35,"129.85","RNAzol"
"208",6158,"6158_324_12","ambient",12,1,"I","324",NA,NA,NA,NA,"RNAzol"
"209",6159,"6159_313_12","ambient",12,1,"I","313","3/26/18 13:35","2",35,"70","RNAzol"
"210",6161,"6161_302_12","ambient",12,0,"M","302",NA,NA,NA,NA,"RNAzol"
"211",6165,"6165_360_12","ambient",12,0,"I","360","4/9/18 13:37","1.55",35,"54.25","RNAzol"
"212",6166,"6166_349_12","ambient",12,0,"I","349","4/9/18 13:38","5.56",35,"194.6","RNAzol"
"213",6168,"6168_357_12","ambient",12,1,"I","357",NA,NA,NA,NA,"RNAzol"
"214",6169,"6169_328_12","ambient",12,1,"I","328",NA,NA,NA,NA,"RNAzol"
"215",6170,"6170_320_12","ambient",12,1,"I","320",NA,NA,NA,NA,"RNAzol"
"216",6176,"6176_329_12","ambient",12,0,"M","329",NA,NA,NA,NA,"RNAzol"
"217",6179,"6179_315_12","ambient",12,0,"M","315",NA,NA,NA,NA,"RNAzol"
"218",6181,"6181_355_12","ambient",12,0,"I","355","4/28/18 15:42","3.32",35,"116.2","RNAzol"
"219",6182,"6182_354_12","ambient",12,1,"I","354",NA,NA,NA,NA,"RNAzol"
"220",6183,"6183_322_12","ambient",12,1,"I","322","5/1/18 17:59","2.69",35,"94.15","RNAzol"
"221",6184,"6184_318_12","ambient",12,1,"I","318","5/1/18 14:28","2.84",35,"99.4","RNAzol"
"222",6185,"6185_336_12","ambient",12,0,"I","336","4/28/18 15:42","2.62",35,"91.7","RNAzol"
"223",6186,"6186_306_12","ambient",12,0,"I","306","4/28/18 15:43","3.03",35,"106.05","RNAzol"
"224",6192,"6192_359_12","ambient",12,1,"I","359","5/1/18 14:28","5.68",35,"198.8","RNAzol"
"225",6193,"6193_333_12","ambient",12,1,"I","333","5/1/18 14:28","6.08",35,"212.8","RNAzol"
"226",6195,"6195_304_12","ambient",12,1,"I","304","5/1/18 17:59","2.69",35,"94.15","RNAzol"
"227",6201,"6201_341_12","ambient",12,1,"I","341",NA,NA,NA,NA,"RNAzol"
"228",6202,"6202_337_12","ambient",12,1,"I","337",NA,NA,NA,NA,"RNAzol"
"229",6205,"6205_342_12","ambient",12,0,"I","342",NA,NA,NA,NA,"RNAzol"
"230",6206,"6206_319_12","ambient",12,1,"I","319",NA,NA,NA,NA,"RNAzol"
"231",6211,"6211_349_12","ambient",12,1,"I","349","4/9/18 13:38","5.56",35,"194.6","RNAzol"
"232",6212,"6212_334_12","ambient",12,1,"I","334",NA,NA,NA,NA,"RNAzol"
"233",6213,"6213_310_12","ambient",12,0,"I","310",NA,NA,NA,NA,"RNAzol"
"234",6214,"6214_311_12","ambient",12,1,"I","311","5/2/18 13:08","2.05",35,"71.75","RNAzol"
"235",6241,"6241_323_12","ambient",12,1,"I","323",NA,NA,NA,NA,"RNAzol"
"236",6252,"6252_330_12","ambient",12,3,"M","330",NA,NA,NA,NA,"RNAzol"
"237",6272,"6272_338_12","ambient",12,0,"I","338",NA,NA,NA,NA,"RNAzol"
"238",6101,"6101_206_12","cold",12,0,"I","206",NA,NA,NA,NA,"RNAzol"
"239",6102,"6102_236_12","cold",12,0,"I","236",NA,NA,NA,NA,"RNAzol"
"240",6103,"6103_215_12","cold",12,1,"I","215","4/23/18 17:41","6.68",35,"233.8","RNAzol"
"241",6104,"6104_259_12","cold",12,0,"I","259",NA,NA,NA,NA,"RNAzol"
"242",6105,"6105_234_12","cold",12,1,"I","234",NA,NA,NA,NA,"RNAzol"
"243",6106,"6106_241_12","cold",12,0,"M","241",NA,NA,NA,NA,"RNAzol"
"244",6108,"6108_255_12","cold",12,1,"I","255",NA,NA,NA,NA,"RNAzol"
"245",6113,"6113_214_12","cold",12,0,"I","214","4/24/18 14:51","3.55",35,"124.25","RNAzol"
"246",6116,"6116_212_12","cold",12,1,"I","212",NA,NA,NA,NA,"RNAzol"
"247",6117,"6117_225_12","cold",12,0,"I","225","4/24/18 14:51","1.76",35,"61.6","RNAzol"
"248",6118,"6118_240_12","cold",12,1,"I","240",NA,NA,NA,NA,"RNAzol"
"249",6119,"6119_258_12","cold",12,0,"I","258","4/10/18 17:22","3.86",35,"135.1","RNAzol"
"250",6120,"6120_248_12","cold",12,1,"I","248",NA,NA,NA,NA,"RNAzol"
"251",6126,"6126_201_12","cold",12,1,"I","201",NA,NA,NA,NA,"RNAzol"
"252",6128,"6128_231_12","cold",12,1,"I","231",NA,NA,NA,NA,"RNAzol"
"253",6132,"6132_205_12","cold",12,0,"I","205","4/10/18 17:23","1.64",35,"57.4","RNAzol"
"254",6133,"6133_223_12","cold",12,0,"I","223","4/10/18 17:23","8.24",35,"288.4","RNAzol"
"255",6138,"6138_247_12","cold",12,0,"I","247","4/24/18 14:32","6.44",35,"225.4","RNAzol"
"256",6140,"6140_237_12","cold",12,1,"I","237",NA,NA,NA,NA,"RNAzol"
"257",6141,"6141_249_12","cold",12,1,"I","249",NA,NA,NA,NA,"RNAzol"
"258",6147,"6147_204_12","cold",12,0,"I","204","4/29/18 17:58","3.6",35,"126","RNAzol"
"259",6148,"6148_213_12","cold",12,1,"I","213",NA,NA,NA,NA,"RNAzol"
"260",6149,"6149_226_12","cold",12,1,"I","226",NA,NA,NA,NA,"RNAzol"
"261",6151,"6151_243_12","cold",12,1,"I","243",NA,NA,NA,NA,"RNAzol"
"262",6153,"6153_209_12","cold",12,0,"M","209",NA,NA,NA,NA,"RNAzol"
"263",6154,"6154_232_12","cold",12,0,"I","232","4/29/18 17:58","2.38",35,"83.3","RNAzol"
"264",6156,"6156_242_12","cold",12,0,"I","242",NA,NA,NA,NA,"RNAzol"
"265",6157,"6157_224_12","cold",12,0,"M","224",NA,NA,NA,NA,"RNAzol"
"266",6160,"6160_238_12","cold",12,0,"M","238",NA,NA,NA,NA,"RNAzol"
"267",6162,"6162_220_12","cold",12,1,"I","220",NA,NA,NA,NA,"RNAzol"
"268",6163,"6163_228_12","cold",12,1,"I","228",NA,NA,NA,NA,"RNAzol"
"269",6164,"6164_257_12","cold",12,1,"I","257",NA,NA,NA,NA,"RNAzol"
"270",6167,"6167_207_12","cold",12,0,"I","207","4/29/18 17:58","1.88",35,"65.8","RNAzol"
"271",6171,"6171_221_12","cold",12,0,"I","221","5/1/18 17:59","3.22",35,"112.7","RNAzol"
"272",6172,"6172_316_12","cold",12,0,"M","316",NA,NA,NA,NA,"RNAzol"
"273",6173,"6173_210_12","cold",12,1,"I","210",NA,NA,NA,NA,"RNAzol"
"274",6174,"6174_233_12","cold",12,1,"I","233",NA,NA,NA,NA,"RNAzol"
"275",6175,"6175_246_12","cold",12,0,"I","246",NA,NA,NA,NA,"RNAzol"
"276",6177,"6177_250_12","cold",12,1,"I","250",NA,NA,NA,NA,"RNAzol"
"277",6178,"6178_218_12","cold",12,0,"M","218",NA,NA,NA,NA,"RNAzol"
"278",6187,"6187_239_12","cold",12,1,"I","239",NA,NA,NA,NA,"RNAzol"
"279",6188,"6188_245_12","cold",12,1,"I","245",NA,NA,NA,NA,"RNAzol"
"280",6189,"6189_216_12","cold",12,0,"I","216",NA,NA,NA,NA,"RNAzol"
"281",6190,"6190_256_12","cold",12,3,"M","256",NA,NA,NA,NA,"RNAzol"
"282",6191,"6191_227_12","cold",12,0,"I","227",NA,NA,NA,NA,"RNAzol"
"283",6194,"6194_235_12","cold",12,0,"M","235",NA,NA,NA,NA,"RNAzol"
"284",6196,"6196_203_12","cold",12,1,"I","203",NA,NA,NA,NA,"RNAzol"
"285",6197,"6197_244_12","cold",12,0,"M","244",NA,NA,NA,NA,"RNAzol"
"286",6198,"6198_230_12","cold",12,1,"I","230","4/23/18 18:02","6.2",35,"217","RNAzol"
"287",6199,"6199_254_12","cold",12,1,"I","254",NA,NA,NA,NA,"RNAzol"
"288",6200,"6200_208_12","cold",12,3,"M","208",NA,NA,NA,NA,"RNAzol"
"289",6203,"6203_222_12","cold",12,0,"M","222",NA,NA,NA,NA,"RNAzol"
"290",6204,"6204_252_12","cold",12,3,"M","252",NA,NA,NA,NA,"RNAzol"
"291",6207,"6207_202_12","cold",12,1,"I","202","4/23/18 18:02","4.68",35,"163.8","RNAzol"
"292",6208,"6208_229_12","cold",12,1,"I","229","4/23/18 18:02","2.12",35,"74.2","RNAzol"
"293",6209,"6209_251_12","cold",12,1,"I","251","4/23/18 17:40","4.8",35,"168","RNAzol"
"294",6215,"6215_253_12","cold",12,1,"#N/A","253","4/23/18 17:41","0.84",35,"29.4","RNAzol"
"295",6278,"6278__12","cold",12,1,"I","",NA,NA,NA,NA,"RNAzol"
"296",6279,"6279_219_12","cold",12,1,"I","219",NA,NA,NA,NA,"RNAzol"
"297",6129,"6129_299_12","warm",12,1,"I","299","4/20/18 14:30","0",35,"0","RNAzol"
"298",6180,"6180_370_12","warm",12,0,"I","370","4/20/18 14:30","1.8",35,"63","RNAzol"
"299",6210,"6210_274_12","warm",12,1,"I","274","4/20/18 14:30","2.44",35,"85.4","RNAzol"
"300",6216,"6216_267_12","warm",12,0,"I","267","5/23/18 14:54","4.88",35,"170.8","RNAzol"
"301",6217,"6217_285_12","warm",12,0,"I","285",NA,NA,NA,NA,"RNAzol"
"302",6218,"6218_373_12","warm",12,3,"I","373",NA,NA,NA,NA,"RNAzol"
"303",6219,"6219_276_12","warm",12,1,"I","276","5/24/18 13:51","4.2",35,"147","RNAzol"
"304",6220,"6220_293_12","warm",12,1,"I","293","5/24/18 13:51","8.52",35,"298.2","RNAzol"
"305",6221,"6221_380_12","warm",12,1,"I","380","5/24/18 17:46","3.03",35,"106.05","RNAzol"
"306",6222,"6222_266_12","warm",12,0,"M","266",NA,NA,NA,NA,"RNAzol"
"307",6223,"6223_270_12","warm",12,0,"M","270",NA,NA,NA,NA,"RNAzol"
"308",6224,"6224_277_12","warm",12,1,"I","277","5/24/18 17:46","9.32",35,"326.2","RNAzol"
"309",6225,"6225_298_12","warm",12,1,"I","298","5/24/18 17:47","2.1",35,"73.5","RNAzol"
"310",6226,"6226_260_12","warm",12,0,"I","260","5/23/18 14:55","8.28",35,"289.8","RNAzol"
"311",6227,"6227_366_12","warm",12,1,"I","366","5/24/18 17:47","2.41",35,"84.35","RNAzol"
"312",6228,"6228_290_12","warm",12,0,"I","290",NA,NA,NA,NA,"RNAzol"
"313",6229,"6229_379_12","warm",12,0,"I","379","5/23/18 14:55","3.94",35,"137.9","RNAzol"
"314",6230,"6230_292_12","warm",12,0,"M","292",NA,NA,NA,NA,"RNAzol"
"315",6231,"6231_278_12","warm",12,1,"I","278",NA,NA,NA,NA,"RNAzol"
"316",6232,"6232_286_12","warm",12,0,"M","286",NA,NA,NA,NA,"RNAzol"
"317",6233,"6233_371_12","warm",12,1,"I","371",NA,NA,NA,NA,"RNAzol"
"318",6234,"6234_263_12","warm",12,0,"I","263",NA,NA,NA,NA,"RNAzol"
"319",6235,"6235_297_12","warm",12,0,"I","297",NA,NA,NA,NA,"RNAzol"
"320",6236,"6236_361_12","warm",12,0,"I","361","5/23/18 14:55","6.52",35,"228.2","RNAzol"
"321",6237,"6237_271_12","warm",12,1,"I","271",NA,NA,NA,NA,"RNAzol"
"322",6238,"6238_375_12","warm",12,0,"M","375",NA,NA,NA,NA,"RNAzol"
"323",6239,"6239_291_12","warm",12,1,"I","291",NA,NA,NA,NA,"RNAzol"
"324",6240,"6240_362_12","warm",12,1,"I","362",NA,NA,NA,NA,"RNAzol"
"325",6242,"6242_377_12","warm",12,0,"M","377",NA,NA,NA,NA,"RNAzol"
"326",6243,"6243_272_12","warm",12,1,"I","272",NA,NA,NA,NA,"RNAzol"
"327",6244,"6244_284_12","warm",12,1,"I","284",NA,NA,NA,NA,"RNAzol"
"328",6245,"6245_365_12","warm",12,1,"I","365",NA,NA,NA,NA,"RNAzol"
"329",6246,"6246_265_12","warm",12,0,"I","265","5/24/18 13:50","7.24",35,"253.4","RNAzol"
"330",6247,"6247_287_12","warm",12,0,"I","287","5/24/18 13:51","5.52",35,"193.2","RNAzol"
"331",6248,"6248_378_12","warm",12,0,"I","378",NA,NA,NA,NA,"RNAzol"
"332",6249,"6249_279_12","warm",12,1,"I","279",NA,NA,NA,NA,"RNAzol"
"333",6250,"6250_294_12","warm",12,1,"I","294",NA,NA,NA,NA,"RNAzol"
"334",6251,"6251_376_12","warm",12,1,"I","376",NA,NA,NA,NA,"RNAzol"
"335",6253,"6253_275_12","warm",12,0,"I","275",NA,NA,NA,NA,"RNAzol"
"336",6254,"6254_296_12","warm",12,0,"I","296",NA,NA,NA,NA,"RNAzol"
"337",6255,"6255_262_12","warm",12,1,"I","262",NA,NA,NA,NA,"RNAzol"
"338",6256,"6256_283_12","warm",12,1,"I","283",NA,NA,NA,NA,"RNAzol"
"339",6257,"6257_363_12","warm",12,1,"I","363",NA,NA,NA,NA,"RNAzol"
"340",6258,"6258_261_12","warm",12,3,"M","261",NA,NA,NA,NA,"RNAzol"
"341",6259,"6259_281_12","warm",12,0,"M","281",NA,NA,NA,NA,"RNAzol"
"342",6260,"6260_374_12","warm",12,0,"M","374",NA,NA,NA,NA,"RNAzol"
"343",6261,"6261_273_12","warm",12,1,"I","273",NA,NA,NA,NA,"RNAzol"
"344",6262,"6262_289_12","warm",12,1,"I","289",NA,NA,NA,NA,"RNAzol"
"345",6263,"6263_368_12","warm",12,1,"I","368",NA,NA,NA,NA,"RNAzol"
"346",6264,"6264_268_12","warm",12,0,"I","268",NA,NA,NA,NA,"RNAzol"
"347",6265,"6265_282_12","warm",12,0,"I","282",NA,NA,NA,NA,"RNAzol"
"348",6266,"6266_264_12","warm",12,1,"I","264",NA,NA,NA,NA,"RNAzol"
"349",6267,"6267_288_12","warm",12,1,"I","288",NA,NA,NA,NA,"RNAzol"
"350",6268,"6268_369_12","warm",12,0,"I","369",NA,NA,NA,NA,"RNAzol"
"351",6269,"6269_364_12","warm",12,1,"I","364",NA,NA,NA,NA,"RNAzol"
"352",6270,"6270_269_12","warm",12,0,"M","269",NA,NA,NA,NA,"RNAzol"
"353",6271,"6271_295_12","warm",12,0,"M","295",NA,NA,NA,NA,"RNAzol"
"354",6273,"6273_280_12","warm",12,1,"I","280",NA,NA,NA,NA,"RNAzol"
"355",6274,"6274_367_12","warm",12,1,"I","367",NA,NA,NA,NA,"RNAzol"
"356",6275,"6275_372_12","warm",12,3,"M","372",NA,NA,NA,NA,"RNAzol"
"357",6107,"6107_471_26","ambient",26,0,"M","471-1","10/5/18 14:01","ng/mL",5,"40","RNAzol"
"358",6109,"6109_480_26","ambient",26,0,"I","480-1","8/9/18 13:05","6.86",10,"68.6","RNAzol"
"359",6110,"6110_488_26","ambient",26,0,"I","488-1","8/9/18 13:05","9.74",10,"97.4","RNAzol"
"360",6111,"6111_468_26","ambient",26,1,"I","468-1",NA,NA,NA,NA,"RNAzol"
"361",6112,"6112_499_26","ambient",26,0,"I","499-1",NA,NA,NA,NA,"RNAzol"
"362",6114,"6114_484_26","ambient",26,1,"I","484-1","8/9/18 13:05","9.12",10,"91.2","RNAzol"
"363",6115,"6115_514_26","ambient",26,1,"I","514-1","8/9/18 13:06","Out of range",10,"#VALUE!","RNAzol"
"364",6121,"6121_472_26","ambient",26,1,"I","472-1","8/9/18 13:04","Out of range",10,"#VALUE!","RNAzol"
"365",6122,"6122_489_26","ambient",26,1,"I","489-1","8/9/18 13:05","Out of range",10,"#VALUE!","RNAzol"
"366",6123,"6123_473_26","ambient",26,0,"I","473-1","8/9/18 13:04","4.8",10,"48","RNAzol"
"367",6124,"6124_464_26","ambient",26,0,"M","464-1",NA,NA,NA,NA,"RNAzol"
"368",6125,"6125_503_26","ambient",26,1,"I","503-1",NA,NA,NA,NA,"RNAzol"
"369",6127,"6127_497_26","ambient",26,0,"I","497-1","5/2/18 13:08","4.36",35,"152.6","RNAzol"
"370",6130,"6130_498_26","ambient",26,0,"I","498-1","3/27/18 15:08","1.8",35,"63","RNAzol"
"371",6131,"6131_507_26","ambient",26,0,"I","507-1","4/9/18 13:20","0.88",35,"30.8","RNAzol"
"372",6134,"6134_465_26","ambient",26,1,"I","465-1","3/26/18 13:25","0",35,"0","RNAzol"
"373",6135,"6135_492_26","ambient",26,1,"M","492-1","4/6/18 13:39","1.08",35,"37.8","RNAzol"
"374",6136,"6136_491_26","ambient",26,0,"M","491-1",NA,NA,NA,NA,"RNAzol"
"375",6137,"6137_500_26","ambient",26,1,"I","500-1","8/9/18 13:06","Out of range",10,"#VALUE!","RNAzol"
"376",6139,"6139_493_26","ambient",26,3,"M","493-1",NA,NA,NA,NA,"RNAzol"
"377",6142,"6142_474_26","ambient",26,0,"I","474-1","4/9/18 13:20","0",35,"0","RNAzol"
"378",6143,"6143_479_26","ambient",26,0,"M","479-1","8/9/18 13:04","Out of range",10,"#VALUE!","RNAzol"
"379",6144,"6144_477_26","ambient",26,1,"I","477-1","4/6/18 13:39","1.84",35,"64.4","RNAzol"
"380",6145,"6145_505_26","ambient",26,1,"I","505-1","4/6/18 14:04","0",35,"0","RNAzol"
"381",6146,"6146_502_26","ambient",26,0,"I","502-1","4/9/18 13:38","2.18",35,"76.3","RNAzol"
"382",6150,"6150_511_26","ambient",26,0,"M","511-1","8/9/18 13:06","Out of range",10,"#VALUE!","RNAzol"
"383",6152,"6152_467_26","ambient",26,0,"M","467-1","8/9/18 13:04","Out of range",10,"#VALUE!","RNAzol"
"384",6155,"6155_476_26","ambient",26,1,"I","476-1","4/6/18 14:03","0",35,"0","RNAzol"
"385",6158,"6158_483_26","ambient",26,1,"I","483-1","8/9/18 13:05","Out of range",10,"#VALUE!","RNAzol"
"386",6159,"6159_508_26","ambient",26,1,"I","508-1","3/26/18 13:35","0",35,"0","RNAzol"
"387",6161,"6161_512_26","ambient",26,0,"M","512-1","8/9/18 13:06","Out of range",10,"#VALUE!","RNAzol"
"388",6165,"6165_469_26","ambient",26,0,"I","469-1","3/28/18 14:17","5.16",35,"180.6","RNAzol"
"389",6166,"6166_496_26","ambient",26,0,"I","496-1","4/25/18 14:21","5.88",35,"205.8","RNAzol"
"390",6168,"6168_466_26","ambient",26,1,"I","466-1",NA,NA,NA,NA,"RNAzol"
"391",6169,"6169_486_26","ambient",26,1,"I","486-1",NA,NA,NA,NA,"RNAzol"
"392",6170,"6170_516_26","ambient",26,1,"I","516-1",NA,NA,NA,NA,"RNAzol"
"393",6176,"6176_490_26","ambient",26,0,"M","490-1","8/9/18 13:05","Out of range",10,"#VALUE!","RNAzol"
"394",6179,"6179_515_26","ambient",26,0,"M","515-1",NA,NA,NA,NA,"RNAzol"
"395",6181,"6181_470_26","ambient",26,0,"I","470-1","4/28/18 15:43","5.28",35,"184.8","RNAzol"
"396",6182,"6182_462_26","ambient",26,1,"I","462-1",NA,NA,NA,NA,"RNAzol"
"397",6183,"6183_494_26","ambient",26,1,"I","494-1","5/1/18 17:59","2.66",35,"93.1","RNAzol"
"398",6184,"6184_513_26","ambient",26,1,"I","513-1","5/1/18 14:28","1.44",35,"50.4","RNAzol"
"399",6185,"6185_487_26","ambient",26,0,"I","487-1","4/28/18 15:43","3.51",35,"122.85","RNAzol"
"400",6186,"6186_510_26","ambient",26,0,"I","510-1","4/28/18 15:43","1.62",35,"56.7","RNAzol"
"401",6192,"6192_463_26","ambient",26,1,"I","463-1","5/1/18 14:28","2.83",35,"99.05","RNAzol"
"402",6193,"6193_482_26","ambient",26,1,"I","482-1","5/1/18 14:29","5.12",35,"179.2","RNAzol"
"403",6195,"6195_501_26","ambient",26,1,"I","501-1","5/1/18 18:00","3.41",35,"119.35","RNAzol"
"404",6201,"6201_478_26","ambient",26,1,"I","478-1",NA,NA,NA,NA,"RNAzol"
"405",6202,"6202_495_26","ambient",26,1,"I","495-1","8/9/18 13:06","Out of range",10,"#VALUE!","RNAzol"
"406",6205,"6205_475_26","ambient",26,0,"I","475-1","8/9/18 13:04","Out of range",10,"#VALUE!","RNAzol"
"407",6206,"6206_509_26","ambient",26,1,"I","509-1","8/9/18 13:06","Out of range",10,"#VALUE!","RNAzol"
"408",6211,"6211_481_26","ambient",26,1,"I","481-1","8/9/18 13:05","Out of range",10,"#VALUE!","RNAzol"
"409",6212,"6212_485_26","ambient",26,1,"I","485-1","8/9/18 13:05","5.52",10,"55.2","RNAzol"
"410",6213,"6213_506_26","ambient",26,0,"I","506-1",NA,NA,NA,NA,"RNAzol"
"411",6214,"6214_504_26","ambient",26,1,"I","504-1","5/2/18 13:08","15.5",35,"542.5","RNAzol"
"412",6107,"6107_471_26","ambient",26,0,"M","471-2",NA,NA,NA,NA,"RNAzol"
"413",6109,"6109_480_26","ambient",26,0,"I","480-2",NA,NA,NA,NA,"RNAzol"
"414",6110,"6110_488_26","ambient",26,0,"I","488-2",NA,NA,NA,NA,"RNAzol"
"415",6111,"6111_468_26","ambient",26,1,"I","468-2",NA,NA,NA,NA,"RNAzol"
"416",6112,"6112_499_26","ambient",26,0,"I","499-2",NA,NA,NA,NA,"RNAzol"
"417",6114,"6114_484_26","ambient",26,1,"I","484-2",NA,NA,NA,NA,"RNAzol"
"418",6115,"6115_514_26","ambient",26,1,"I","514-2",NA,NA,NA,NA,"RNAzol"
"419",6121,"6121_472_26","ambient",26,1,"I","472-2",NA,NA,NA,NA,"RNAzol"
"420",6122,"6122_489_26","ambient",26,1,"I","489-2",NA,NA,NA,NA,"RNAzol"
"421",6123,"6123_473_26","ambient",26,0,"I","473-2",NA,NA,NA,NA,"RNAzol"
"422",6124,"6124_464_26","ambient",26,0,"M","464-2",NA,NA,NA,NA,"RNAzol"
"423",6125,"6125_503_26","ambient",26,1,"I","503-2",NA,NA,NA,NA,"RNAzol"
"424",6127,"6127_497_26","ambient",26,0,"I","497-2",NA,NA,NA,NA,"RNAzol"
"425",6130,"6130_498_26","ambient",26,0,"I","498-2",NA,NA,NA,NA,"RNAzol"
"426",6131,"6131_507_26","ambient",26,0,"I","507-2",NA,NA,NA,NA,"RNAzol"
"427",6134,"6134_465_26","ambient",26,1,"I","465-2",NA,NA,NA,NA,"RNAzol"
"428",6135,"6135_492_26","ambient",26,1,"M","492-2",NA,NA,NA,NA,"RNAzol"
"429",6136,"6136_491_26","ambient",26,0,"M","491-2",NA,NA,NA,NA,"RNAzol"
"430",6137,"6137_500_26","ambient",26,1,"I","500-2",NA,NA,NA,NA,"RNAzol"
"431",6139,"6139_493_26","ambient",26,3,"M","493-2",NA,NA,NA,NA,"RNAzol"
"432",6142,"6142_474_26","ambient",26,0,"I","474-2",NA,NA,NA,NA,"RNAzol"
"433",6143,"6143_479_26","ambient",26,0,"M","479-2",NA,NA,NA,NA,"RNAzol"
"434",6144,"6144_477_26","ambient",26,1,"I","477-2",NA,NA,NA,NA,"RNAzol"
"435",6145,"6145_505_26","ambient",26,1,"I","505-2",NA,NA,NA,NA,"RNAzol"
"436",6146,"6146_502_26","ambient",26,0,"I","502-2",NA,NA,NA,NA,"RNAzol"
"437",6150,"6150_511_26","ambient",26,0,"M","511-2",NA,NA,NA,NA,"RNAzol"
"438",6152,"6152_467_26","ambient",26,0,"M","467-2",NA,NA,NA,NA,"RNAzol"
"439",6155,"6155_476_26","ambient",26,1,"I","476-2",NA,NA,NA,NA,"RNAzol"
"440",6158,"6158_483_26","ambient",26,1,"I","483-2",NA,NA,NA,NA,"RNAzol"
"441",6159,"6159_508_26","ambient",26,1,"I","508-2",NA,NA,NA,NA,"RNAzol"
"442",6161,"6161_512_26","ambient",26,0,"M","512-2",NA,NA,NA,NA,"RNAzol"
"443",6165,"6165_469_26","ambient",26,0,"I","469-2","4/9/18 13:38","5.16",35,"180.6","RNAzol"
"444",6166,"6166_496_26","ambient",26,0,"I","496-2",NA,NA,NA,NA,"RNAzol"
"445",6168,"6168_466_26","ambient",26,1,"I","466-2",NA,NA,NA,NA,"RNAzol"
"446",6169,"6169_486_26","ambient",26,1,"I","486-2",NA,NA,NA,NA,"RNAzol"
"447",6170,"6170_516_26","ambient",26,1,"I","516-2",NA,NA,NA,NA,"RNAzol"
"448",6176,"6176_490_26","ambient",26,0,"M","490-2",NA,NA,NA,NA,"RNAzol"
"449",6179,"6179_515_26","ambient",26,0,"M","515-2",NA,NA,NA,NA,"RNAzol"
"450",6181,"6181_470_26","ambient",26,0,"I","470-2",NA,NA,NA,NA,"RNAzol"
"451",6182,"6182_462_26","ambient",26,1,"I","462-2","10/5/18 14:01","ng/mL",5,"40","RNAzol"
"452",6183,"6183_494_26","ambient",26,1,"I","494-2",NA,NA,NA,NA,"RNAzol"
"453",6184,"6184_513_26","ambient",26,1,"I","513-2",NA,NA,NA,NA,"RNAzol"
"454",6185,"6185_487_26","ambient",26,0,"I","487-2",NA,NA,NA,NA,"RNAzol"
"455",6186,"6186_510_26","ambient",26,0,"I","510-2",NA,NA,NA,NA,"RNAzol"
"456",6192,"6192_463_26","ambient",26,1,"I","463-2",NA,NA,NA,NA,"RNAzol"
"457",6193,"6193_482_26","ambient",26,1,"I","482-2","10/5/18 14:01","ng/mL",5,"40","RNAzol"
"458",6195,"6195_501_26","ambient",26,1,"I","501-2",NA,NA,NA,NA,"RNAzol"
"459",6201,"6201_478_26","ambient",26,1,"I","478-2",NA,NA,NA,NA,"RNAzol"
"460",6202,"6202_495_26","ambient",26,1,"I","495-2",NA,NA,NA,NA,"RNAzol"
"461",6205,"6205_475_26","ambient",26,0,"I","475-2",NA,NA,NA,NA,"RNAzol"
"462",6206,"6206_509_26","ambient",26,1,"I","509-2",NA,NA,NA,NA,"RNAzol"
"463",6211,"6211_481_26","ambient",26,1,"I","481-2",NA,NA,NA,NA,"RNAzol"
"464",6212,"6212_485_26","ambient",26,1,"I","485-2",NA,NA,NA,NA,"RNAzol"
"465",6213,"6213_506_26","ambient",26,0,"I","506-2",NA,NA,NA,NA,"RNAzol"
"466",6214,"6214_504_26","ambient",26,1,"I","504-2",NA,NA,NA,NA,"RNAzol"
"467",6107,"6107_471_26","ambient",26,0,"M","471-3",NA,NA,NA,NA,"RNAzol"
"468",6109,"6109_480_26","ambient",26,0,"I","480-3",NA,NA,NA,NA,"RNAzol"
"469",6110,"6110_488_26","ambient",26,0,"I","488-3",NA,NA,NA,NA,"RNAzol"
"470",6111,"6111_468_26","ambient",26,1,"I","468-3",NA,NA,NA,NA,"RNAzol"
"471",6112,"6112_499_26","ambient",26,0,"I","499-3",NA,NA,NA,NA,"RNAzol"
"472",6114,"6114_484_26","ambient",26,1,"I","484-3",NA,NA,NA,NA,"RNAzol"
"473",6115,"6115_514_26","ambient",26,1,"I","514-3",NA,NA,NA,NA,"RNAzol"
"474",6121,"6121_472_26","ambient",26,1,"I","472-3",NA,NA,NA,NA,"RNAzol"
"475",6122,"6122_489_26","ambient",26,1,"I","489-3",NA,NA,NA,NA,"RNAzol"
"476",6123,"6123_473_26","ambient",26,0,"I","473-3",NA,NA,NA,NA,"RNAzol"
"477",6124,"6124_464_26","ambient",26,0,"M","464-3",NA,NA,NA,NA,"RNAzol"
"478",6125,"6125_503_26","ambient",26,1,"I","503-3",NA,NA,NA,NA,"RNAzol"
"479",6127,"6127_497_26","ambient",26,0,"I","497-3",NA,NA,NA,NA,"RNAzol"
"480",6130,"6130_498_26","ambient",26,0,"I","498-3",NA,NA,NA,NA,"RNAzol"
"481",6131,"6131_507_26","ambient",26,0,"I","507-3",NA,NA,NA,NA,"RNAzol"
"482",6134,"6134_465_26","ambient",26,1,"I","465-3",NA,NA,NA,NA,"RNAzol"
"483",6135,"6135_492_26","ambient",26,1,"M","492-3",NA,NA,NA,NA,"RNAzol"
"484",6136,"6136_491_26","ambient",26,0,"M","491-3",NA,NA,NA,NA,"RNAzol"
"485",6137,"6137_500_26","ambient",26,1,"I","500-3",NA,NA,NA,NA,"RNAzol"
"486",6139,"6139_493_26","ambient",26,3,"M","493-3",NA,NA,NA,NA,"RNAzol"
"487",6142,"6142_474_26","ambient",26,0,"I","474-3",NA,NA,NA,NA,"RNAzol"
"488",6143,"6143_479_26","ambient",26,0,"M","479-3",NA,NA,NA,NA,"RNAzol"
"489",6144,"6144_477_26","ambient",26,1,"I","477-3",NA,NA,NA,NA,"RNAzol"
"490",6145,"6145_505_26","ambient",26,1,"I","505-3",NA,NA,NA,NA,"RNAzol"
"491",6146,"6146_502_26","ambient",26,0,"I","502-3",NA,NA,NA,NA,"RNAzol"
"492",6150,"6150_511_26","ambient",26,0,"M","511-3",NA,NA,NA,NA,"RNAzol"
"493",6152,"6152_467_26","ambient",26,0,"M","467-3",NA,NA,NA,NA,"RNAzol"
"494",6155,"6155_476_26","ambient",26,1,"I","476-3",NA,NA,NA,NA,"RNAzol"
"495",6158,"6158_483_26","ambient",26,1,"I","483-3",NA,NA,NA,NA,"RNAzol"
"496",6159,"6159_508_26","ambient",26,1,"I","508-3",NA,NA,NA,NA,"RNAzol"
"497",6161,"6161_512_26","ambient",26,0,"M","512-3",NA,NA,NA,NA,"RNAzol"
"498",6165,"6165_469_26","ambient",26,0,"I","469-3",NA,NA,NA,NA,"RNAzol"
"499",6166,"6166_496_26","ambient",26,0,"I","496-3",NA,NA,NA,NA,"RNAzol"
"500",6168,"6168_466_26","ambient",26,1,"I","466-3",NA,NA,NA,NA,"RNAzol"
"501",6169,"6169_486_26","ambient",26,1,"I","486-3",NA,NA,NA,NA,"RNAzol"
"502",6170,"6170_516_26","ambient",26,1,"I","516-3",NA,NA,NA,NA,"RNAzol"
"503",6176,"6176_490_26","ambient",26,0,"M","490-3",NA,NA,NA,NA,"RNAzol"
"504",6179,"6179_515_26","ambient",26,0,"M","515-3",NA,NA,NA,NA,"RNAzol"
"505",6181,"6181_470_26","ambient",26,0,"I","470-3",NA,NA,NA,NA,"RNAzol"
"506",6182,"6182_462_26","ambient",26,1,"I","462-3",NA,NA,NA,NA,"RNAzol"
"507",6183,"6183_494_26","ambient",26,1,"I","494-3",NA,NA,NA,NA,"RNAzol"
"508",6184,"6184_513_26","ambient",26,1,"I","513-3",NA,NA,NA,NA,"RNAzol"
"509",6185,"6185_487_26","ambient",26,0,"I","487-3",NA,NA,NA,NA,"RNAzol"
"510",6186,"6186_510_26","ambient",26,0,"I","510-3",NA,NA,NA,NA,"RNAzol"
"511",6192,"6192_463_26","ambient",26,1,"I","463-3",NA,NA,NA,NA,"RNAzol"
"512",6193,"6193_482_26","ambient",26,1,"I","482-3",NA,NA,NA,NA,"RNAzol"
"513",6195,"6195_501_26","ambient",26,1,"I","501-3",NA,NA,NA,NA,"RNAzol"
"514",6201,"6201_478_26","ambient",26,1,"I","478-3",NA,NA,NA,NA,"RNAzol"
"515",6202,"6202_495_26","ambient",26,1,"I","495-3",NA,NA,NA,NA,"RNAzol"
"516",6205,"6205_475_26","ambient",26,0,"I","475-3",NA,NA,NA,NA,"RNAzol"
"517",6206,"6206_509_26","ambient",26,1,"I","509-3",NA,NA,NA,NA,"RNAzol"
"518",6211,"6211_481_26","ambient",26,1,"I","481-3",NA,NA,NA,NA,"RNAzol"
"519",6212,"6212_485_26","ambient",26,1,"I","485-3",NA,NA,NA,NA,"RNAzol"
"520",6213,"6213_506_26","ambient",26,0,"I","506-3",NA,NA,NA,NA,"RNAzol"
"521",6214,"6214_504_26","ambient",26,1,"I","504-3",NA,NA,NA,NA,"RNAzol"
"522",6101,"6101_415_26","cold",26,0,"I","415-1","8/9/18 13:02","Out of range",10,"#VALUE!","RNAzol"
"523",6102,"6102_439_26","cold",26,0,"I","439-1","8/9/18 13:03","6.94",10,"69.4","RNAzol"
"524",6103,"6103_409_26","cold",26,1,"I","409-1","4/23/18 17:41","8.04",35,"281.4","RNAzol"
"525",6104,"6104_458_26","cold",26,0,"I","458-1",NA,NA,NA,NA,"RNAzol"
"526",6105,"6105_438_26","cold",26,1,"I","438-1",NA,NA,NA,NA,"RNAzol"
"527",6106,"6106_450_26","cold",26,0,"M","450-1","8/9/18 13:03","Out of range",10,"#VALUE!","RNAzol"
"528",6108,"6108_455_26","cold",26,1,"I","455-1",NA,NA,NA,NA,"RNAzol"
"529",6113,"6113_419_26","cold",26,0,"I","419-1","4/24/18 14:51","5.64",35,"197.4","RNAzol"
"530",6116,"6116_417_26","cold",26,1,"I","417-1","8/9/18 13:02","17.3",10,"173","RNAzol"
"531",6117,"6117_440_26","cold",26,0,"I","440-1","4/24/18 14:51","1.77",35,"61.95","RNAzol"
"532",6118,"6118_430_26","cold",26,1,"I","430-1",NA,NA,NA,NA,"RNAzol"
"533",6119,"6119_461_26","cold",26,0,"I","461-1","4/10/18 17:23","0",35,"0","RNAzol"
"534",6120,"6120_459_26","cold",26,1,"I","459-1",NA,NA,NA,NA,"RNAzol"
"535",6126,"6126_418_26","cold",26,1,"I","418-1",NA,NA,NA,NA,"RNAzol"
"536",6128,"6128_441_26","cold",26,1,"I","441-1",NA,NA,NA,NA,"RNAzol"
"537",6132,"6132_406_26","cold",26,0,"I","406-1","4/10/18 17:23","0",35,"0","RNAzol"
"538",6133,"6133_434_26","cold",26,0,"I","434-1","4/10/18 17:23","3.9",35,"136.5","RNAzol"
"539",6138,"6138_453_26","cold",26,0,"I","453-1","4/24/18 14:50","6.16",35,"215.6","RNAzol"
"540",6140,"6140_429_26","cold",26,1,"I","429-1",NA,NA,NA,NA,"RNAzol"
"541",6141,"6141_451_26","cold",26,1,"I","451-1",NA,NA,NA,NA,"RNAzol"
"542",6147,"6147_421_26","cold",26,0,"I","421-1","4/29/18 17:59","3.64",35,"127.4","RNAzol"
"543",6148,"6148_405_26","cold",26,1,"I","405-1",NA,NA,NA,NA,"RNAzol"
"544",6149,"6149_437_26","cold",26,1,"I","437-1",NA,NA,NA,NA,"RNAzol"
"545",6151,"6151_454_26","cold",26,1,"I","454-1",NA,NA,NA,NA,"RNAzol"
"546",6153,"6153_404_26","cold",26,0,"M","404-1","8/9/18 13:01","Out of range",10,"#VALUE!","RNAzol"
"547",6154,"6154_436_26","cold",26,0,"I","436-1","4/29/18 17:59","5.04",35,"176.4","RNAzol"
"548",6156,"6156_446_26","cold",26,0,"I","446-1","8/9/18 13:03","Out of range",10,"#VALUE!","RNAzol"
"549",6157,"6157_423_26","cold",26,0,"M","423-1",NA,NA,NA,NA,"RNAzol"
"550",6160,"6160_426_26","cold",26,0,"M","426-1","8/9/18 13:02","5.28",10,"52.8","RNAzol"
"551",6162,"6162_407_26","cold",26,1,"I","407-1",NA,NA,NA,NA,"RNAzol"
"552",6163,"6163_424_26","cold",26,1,"I","424-1",NA,NA,NA,NA,"RNAzol"
"553",6164,"6164_460_26","cold",26,1,"I","460-1","8/9/18 13:04","Out of range",10,"#VALUE!","RNAzol"
"554",6167,"6167_414_26","cold",26,0,"I","414-1","4/29/18 17:59","7.52",35,"263.2","RNAzol"
"555",6171,"6171_427_26","cold",26,0,"I","427-1","5/1/18 17:59","3.71",35,"129.85","RNAzol"
"556",6172,"6172_517_26","cold",26,0,"M","517-1","8/9/18 13:06","Out of range",10,"#VALUE!","RNAzol"
"557",6173,"6173_420_26","cold",26,1,"I","420-1","8/9/18 13:02","29.8",10,"298","RNAzol"
"558",6174,"6174_433_26","cold",26,1,"I","433-1","8/9/18 13:03","Out of range",10,"#VALUE!","RNAzol"
"559",6175,"6175_447_26","cold",26,0,"I","447-1","8/9/18 13:03","7.2",10,"72","RNAzol"
"560",6177,"6177_456_26","cold",26,1,"I","456-1","8/9/18 13:04","Out of range",10,"#VALUE!","RNAzol"
"561",6178,"6178_410_26","cold",26,0,"M","410-1",NA,NA,NA,NA,"RNAzol"
"562",6187,"6187_431_26","cold",26,1,"I","431-1","8/9/18 13:02","8.38",10,"83.8","RNAzol"
"563",6188,"6188_443_26","cold",26,1,"I","443-1","8/9/18 13:03","7.28",10,"72.8","RNAzol"
"564",6189,"6189_422_26","cold",26,0,"I","422-1","8/9/18 13:02","Out of range",10,"#VALUE!","RNAzol"
"565",6190,"6190_452_26","cold",26,3,"M","452-1",NA,NA,NA,NA,"RNAzol"
"566",6191,"6191_442_26","cold",26,0,"I","442-1","8/9/18 13:03","4",10,"40","RNAzol"
"567",6194,"6194_432_26","cold",26,0,"M","432-1",NA,NA,NA,NA,"RNAzol"
"568",6196,"6196_408_26","cold",26,1,"I","408-1","8/9/18 13:02","18",10,"180","RNAzol"
"569",6197,"6197_449_26","cold",26,0,"M","449-1","8/9/18 13:03","15.9",10,"159","RNAzol"
"570",6198,"6198_428_26","cold",26,1,"I","428-1","4/4/18 13:58","2.75",35,"96.25","RNAzol"
"571",6199,"6199_445_26","cold",26,1,"I","445-1","8/9/18 13:03","Out of range",10,"#VALUE!","RNAzol"
"572",6200,"6200_416_26","cold",26,3,"M","416-1",NA,NA,NA,NA,"RNAzol"
"573",6203,"6203_425_26","cold",26,0,"M","425-1",NA,NA,NA,NA,"RNAzol"
"574",6204,"6204_448_26","cold",26,3,"M","448-1",NA,NA,NA,NA,"RNAzol"
"575",6207,"6207_412_26","cold",26,1,"I","412-1","4/23/18 18:02","5",35,"175","RNAzol"
"576",6208,"6208_435_26","cold",26,1,"I","435-1","4/23/18 18:02","0.92",35,"32.2","RNAzol"
"577",6209,"6209_444_26","cold",26,1,"I","444-1","4/23/18 17:40","8.24",35,"288.4","RNAzol"
"578",6215,"6215_457_26","cold",26,1,"#N/A","457-1","4/3/18 15:08","3.58",35,"125.3","RNAzol"
"579",6278,"6278_413_26","cold",26,1,"I","413-1","8/9/18 13:02","Out of range",10,"#VALUE!","RNAzol"
"580",6279,"6279_411_26","cold",26,1,"I","411-1",NA,NA,NA,NA,"RNAzol"
"581",6101,"6101_415_26","cold",26,0,"I","415-2",NA,NA,NA,NA,"RNAzol"
"582",6102,"6102_439_26","cold",26,0,"I","439-2",NA,NA,NA,NA,"RNAzol"
"583",6103,"6103_409_26","cold",26,1,"I","409-2",NA,NA,NA,NA,"RNAzol"
"584",6104,"6104_458_26","cold",26,0,"I","458-2",NA,NA,NA,NA,"RNAzol"
"585",6105,"6105_438_26","cold",26,1,"I","438-2",NA,NA,NA,NA,"RNAzol"
"586",6106,"6106_450_26","cold",26,0,"M","450-2",NA,NA,NA,NA,"RNAzol"
"587",6108,"6108_455_26","cold",26,1,"I","455-2",NA,NA,NA,NA,"RNAzol"
"588",6113,"6113_419_26","cold",26,0,"I","419-2",NA,NA,NA,NA,"RNAzol"
"589",6116,"6116_417_26","cold",26,1,"I","417-2",NA,NA,NA,NA,"RNAzol"
"590",6117,"6117_440_26","cold",26,0,"I","440-2",NA,NA,NA,NA,"RNAzol"
"591",6118,"6118_430_26","cold",26,1,"I","430-2",NA,NA,NA,NA,"RNAzol"
"592",6119,"6119_461_26","cold",26,0,"I","461-2",NA,NA,NA,NA,"RNAzol"
"593",6120,"6120_459_26","cold",26,1,"I","459-2",NA,NA,NA,NA,"RNAzol"
"594",6126,"6126_418_26","cold",26,1,"I","418-2",NA,NA,NA,NA,"RNAzol"
"595",6128,"6128_441_26","cold",26,1,"I","441-2",NA,NA,NA,NA,"RNAzol"
"596",6132,"6132_406_26","cold",26,0,"I","406-2",NA,NA,NA,NA,"RNAzol"
"597",6133,"6133_434_26","cold",26,0,"I","434-2",NA,NA,NA,NA,"RNAzol"
"598",6138,"6138_453_26","cold",26,0,"I","453-2",NA,NA,NA,NA,"RNAzol"
"599",6140,"6140_429_26","cold",26,1,"I","429-2",NA,NA,NA,NA,"RNAzol"
"600",6141,"6141_451_26","cold",26,1,"I","451-2",NA,NA,NA,NA,"RNAzol"
"601",6147,"6147_421_26","cold",26,0,"I","421-2",NA,NA,NA,NA,"RNAzol"
"602",6148,"6148_405_26","cold",26,1,"I","405-2",NA,NA,NA,NA,"RNAzol"
"603",6149,"6149_437_26","cold",26,1,"I","437-2",NA,NA,NA,NA,"RNAzol"
"604",6151,"6151_454_26","cold",26,1,"I","454-2",NA,NA,NA,NA,"RNAzol"
"605",6153,"6153_404_26","cold",26,0,"M","404-2",NA,NA,NA,NA,"RNAzol"
"606",6154,"6154_436_26","cold",26,0,"I","436-2",NA,NA,NA,NA,"RNAzol"
"607",6156,"6156_446_26","cold",26,0,"I","446-2",NA,NA,NA,NA,"RNAzol"
"608",6157,"6157_423_26","cold",26,0,"M","423-2",NA,NA,NA,NA,"RNAzol"
"609",6160,"6160_426_26","cold",26,0,"M","426-2",NA,NA,NA,NA,"RNAzol"
"610",6162,"6162_407_26","cold",26,1,"I","407-2",NA,NA,NA,NA,"RNAzol"
"611",6163,"6163_424_26","cold",26,1,"I","424-2",NA,NA,NA,NA,"RNAzol"
"612",6164,"6164_460_26","cold",26,1,"I","460-2",NA,NA,NA,NA,"RNAzol"
"613",6167,"6167_414_26","cold",26,0,"I","414-2",NA,NA,NA,NA,"RNAzol"
"614",6171,"6171_427_26","cold",26,0,"I","427-2",NA,NA,NA,NA,"RNAzol"
"615",6172,"6172_517_26","cold",26,0,"M","517-2",NA,NA,NA,NA,"RNAzol"
"616",6173,"6173_420_26","cold",26,1,"I","420-2",NA,NA,NA,NA,"RNAzol"
"617",6174,"6174_433_26","cold",26,1,"I","433-2",NA,NA,NA,NA,"RNAzol"
"618",6175,"6175_447_26","cold",26,0,"I","447-2",NA,NA,NA,NA,"RNAzol"
"619",6177,"6177_456_26","cold",26,1,"I","456-2",NA,NA,NA,NA,"RNAzol"
"620",6178,"6178_410_26","cold",26,0,"M","410-2",NA,NA,NA,NA,"RNAzol"
"621",6187,"6187_431_26","cold",26,1,"I","431-2",NA,NA,NA,NA,"RNAzol"
"622",6188,"6188_443_26","cold",26,1,"I","443-2",NA,NA,NA,NA,"RNAzol"
"623",6189,"6189_422_26","cold",26,0,"I","422-2",NA,NA,NA,NA,"RNAzol"
"624",6190,"6190_452_26","cold",26,3,"M","452-2",NA,NA,NA,NA,"RNAzol"
"625",6191,"6191_442_26","cold",26,0,"I","442-2",NA,NA,NA,NA,"RNAzol"
"626",6194,"6194_432_26","cold",26,0,"M","432-2",NA,NA,NA,NA,"RNAzol"
"627",6196,"6196_408_26","cold",26,1,"I","408-2",NA,NA,NA,NA,"RNAzol"
"628",6197,"6197_449_26","cold",26,0,"M","449-2",NA,NA,NA,NA,"RNAzol"
"629",6198,"6198_428_26","cold",26,1,"I","428-2",NA,NA,NA,NA,"RNAzol"
"630",6199,"6199_445_26","cold",26,1,"I","445-2",NA,NA,NA,NA,"RNAzol"
"631",6200,"6200_416_26","cold",26,3,"M","416-2",NA,NA,NA,NA,"RNAzol"
"632",6203,"6203_425_26","cold",26,0,"M","425-2",NA,NA,NA,NA,"RNAzol"
"633",6204,"6204_448_26","cold",26,3,"M","448-2",NA,NA,NA,NA,"RNAzol"
"634",6207,"6207_412_26","cold",26,1,"I","412-2",NA,NA,NA,NA,"RNAzol"
"635",6208,"6208_435_26","cold",26,1,"I","435-2",NA,NA,NA,NA,"RNAzol"
"636",6209,"6209_444_26","cold",26,1,"I","444-2",NA,NA,NA,NA,"RNAzol"
"637",6215,"6215_457_26","cold",26,1,"#N/A","457-2",NA,NA,NA,NA,"RNAzol"
"638",6278,"6278_413_26","cold",26,1,"I","413-2",NA,NA,NA,NA,"RNAzol"
"639",6279,"6279_411_26","cold",26,1,"I","411-2",NA,NA,NA,NA,"RNAzol"
"640",6101,"6101_415_26","cold",26,0,"I","415-3",NA,NA,NA,NA,"RNAzol"
"641",6102,"6102_439_26","cold",26,0,"I","439-3",NA,NA,NA,NA,"RNAzol"
"642",6103,"6103_409_26","cold",26,1,"I","409-3",NA,NA,NA,NA,"RNAzol"
"643",6104,"6104_458_26","cold",26,0,"I","458-3",NA,NA,NA,NA,"RNAzol"
"644",6105,"6105_438_26","cold",26,1,"I","438-3",NA,NA,NA,NA,"RNAzol"
"645",6106,"6106_450_26","cold",26,0,"M","450-3",NA,NA,NA,NA,"RNAzol"
"646",6108,"6108_455_26","cold",26,1,"I","455-3",NA,NA,NA,NA,"RNAzol"
"647",6113,"6113_419_26","cold",26,0,"I","419-3",NA,NA,NA,NA,"RNAzol"
"648",6116,"6116_417_26","cold",26,1,"I","417-3",NA,NA,NA,NA,"RNAzol"
"649",6117,"6117_440_26","cold",26,0,"I","440-3",NA,NA,NA,NA,"RNAzol"
"650",6118,"6118_430_26","cold",26,1,"I","430-3",NA,NA,NA,NA,"RNAzol"
"651",6119,"6119_461_26","cold",26,0,"I","461-3",NA,NA,NA,NA,"RNAzol"
"652",6120,"6120_459_26","cold",26,1,"I","459-3",NA,NA,NA,NA,"RNAzol"
"653",6126,"6126_418_26","cold",26,1,"I","418-3",NA,NA,NA,NA,"RNAzol"
"654",6128,"6128_441_26","cold",26,1,"I","441-3",NA,NA,NA,NA,"RNAzol"
"655",6132,"6132_406_26","cold",26,0,"I","406-3",NA,NA,NA,NA,"RNAzol"
"656",6133,"6133_434_26","cold",26,0,"I","434-3",NA,NA,NA,NA,"RNAzol"
"657",6138,"6138_453_26","cold",26,0,"I","453-3",NA,NA,NA,NA,"RNAzol"
"658",6140,"6140_429_26","cold",26,1,"I","429-3",NA,NA,NA,NA,"RNAzol"
"659",6141,"6141_451_26","cold",26,1,"I","451-3",NA,NA,NA,NA,"RNAzol"
"660",6147,"6147_421_26","cold",26,0,"I","421-3",NA,NA,NA,NA,"RNAzol"
"661",6148,"6148_405_26","cold",26,1,"I","405-3",NA,NA,NA,NA,"RNAzol"
"662",6149,"6149_437_26","cold",26,1,"I","437-3",NA,NA,NA,NA,"RNAzol"
"663",6151,"6151_454_26","cold",26,1,"I","454-3",NA,NA,NA,NA,"RNAzol"
"664",6153,"6153_404_26","cold",26,0,"M","404-3",NA,NA,NA,NA,"RNAzol"
"665",6154,"6154_436_26","cold",26,0,"I","436-3",NA,NA,NA,NA,"RNAzol"
"666",6156,"6156_446_26","cold",26,0,"I","446-3",NA,NA,NA,NA,"RNAzol"
"667",6157,"6157_423_26","cold",26,0,"M","423-3",NA,NA,NA,NA,"RNAzol"
"668",6160,"6160_426_26","cold",26,0,"M","426-3",NA,NA,NA,NA,"RNAzol"
"669",6162,"6162_407_26","cold",26,1,"I","407-3",NA,NA,NA,NA,"RNAzol"
"670",6163,"6163_424_26","cold",26,1,"I","424-3",NA,NA,NA,NA,"RNAzol"
"671",6164,"6164_460_26","cold",26,1,"I","460-3",NA,NA,NA,NA,"RNAzol"
"672",6167,"6167_414_26","cold",26,0,"I","414-3",NA,NA,NA,NA,"RNAzol"
"673",6171,"6171_427_26","cold",26,0,"I","427-3",NA,NA,NA,NA,"RNAzol"
"674",6172,"6172_517_26","cold",26,0,"M","517-3",NA,NA,NA,NA,"RNAzol"
"675",6173,"6173_420_26","cold",26,1,"I","420-3",NA,NA,NA,NA,"RNAzol"
"676",6174,"6174_433_26","cold",26,1,"I","433-3",NA,NA,NA,NA,"RNAzol"
"677",6175,"6175_447_26","cold",26,0,"I","447-3",NA,NA,NA,NA,"RNAzol"
"678",6177,"6177_456_26","cold",26,1,"I","456-3",NA,NA,NA,NA,"RNAzol"
"679",6178,"6178_410_26","cold",26,0,"M","410-3",NA,NA,NA,NA,"RNAzol"
"680",6187,"6187_431_26","cold",26,1,"I","431-3",NA,NA,NA,NA,"RNAzol"
"681",6188,"6188_443_26","cold",26,1,"I","443-3",NA,NA,NA,NA,"RNAzol"
"682",6189,"6189_422_26","cold",26,0,"I","422-3",NA,NA,NA,NA,"RNAzol"
"683",6190,"6190_452_26","cold",26,3,"M","452-3",NA,NA,NA,NA,"RNAzol"
"684",6191,"6191_442_26","cold",26,0,"I","442-3",NA,NA,NA,NA,"RNAzol"
"685",6194,"6194_432_26","cold",26,0,"M","432-3",NA,NA,NA,NA,"RNAzol"
"686",6196,"6196_408_26","cold",26,1,"I","408-3",NA,NA,NA,NA,"RNAzol"
"687",6197,"6197_449_26","cold",26,0,"M","449-3",NA,NA,NA,NA,"RNAzol"
"688",6198,"6198_428_26","cold",26,1,"I","428-3",NA,NA,NA,NA,"RNAzol"
"689",6199,"6199_445_26","cold",26,1,"I","445-3",NA,NA,NA,NA,"RNAzol"
"690",6200,"6200_416_26","cold",26,3,"M","416-3",NA,NA,NA,NA,"RNAzol"
"691",6203,"6203_425_26","cold",26,0,"M","425-3",NA,NA,NA,NA,"RNAzol"
"692",6204,"6204_448_26","cold",26,3,"M","448-3",NA,NA,NA,NA,"RNAzol"
"693",6207,"6207_412_26","cold",26,1,"I","412-3",NA,NA,NA,NA,"RNAzol"
"694",6208,"6208_435_26","cold",26,1,"I","435-3",NA,NA,NA,NA,"RNAzol"
"695",6209,"6209_444_26","cold",26,1,"I","444-3",NA,NA,NA,NA,"RNAzol"
"696",6215,"6215_457_26","cold",26,1,"#N/A","457-3",NA,NA,NA,NA,"RNAzol"
"697",6278,"6278_413_26","cold",26,1,"I","413-3",NA,NA,NA,NA,"RNAzol"
"698",6279,"6279_411_26","cold",26,1,"I","411-3",NA,NA,NA,NA,"RNAzol"
"699",6129,"6129_403_26","warm",26,1,"I","403-1","4/20/18 14:30","2.64",35,"92.4","RNAzol"
"700",6180,"6180_402_26","warm",26,0,"I","402-1","4/20/18 14:30","1.46",35,"51.1","RNAzol"
"701",6210,"6210_401_26","warm",26,1,"I","401-1","4/20/18 14:30","2.18",35,"76.3","RNAzol"
"702",6129,"6129_403_26","warm",26,1,"I","403-2",NA,NA,NA,NA,"RNAzol"
"703",6180,"6180_402_26","warm",26,0,"I","402-2",NA,NA,NA,NA,"RNAzol"
"704",6210,"6210_401_26","warm",26,1,"I","401-2",NA,NA,NA,NA,"RNAzol"
"705",6129,"6129_403_26","warm",26,1,"I","403-3",NA,NA,NA,NA,"RNAzol"
"706",6180,"6180_402_26","warm",26,0,"I","402-3",NA,NA,NA,NA,"RNAzol"
"707",6210,"6210_401_26","warm",26,1,"I","401-3",NA,NA,NA,NA,"RNAzol"
"708",6280,"6280_tes_NA",NA,NA,3,NA,"test-1",NA,NA,NA,NA,"RNAzol"
"709",6281,"6281_tes_NA",NA,NA,3,"I","test-2",NA,NA,NA,NA,"RNAzol"
"710",6282,"6282_tes_NA",NA,NA,3,"M","test-3 ",NA,NA,NA,NA,"RNAzol"
"711",6129,"6129_403_26","warm",26,1,"I","403-4",NA,NA,NA,NA,"RNAzol"
"712",6180,"6180_402_26","warm",26,0,"I","402-4",NA,NA,NA,NA,"RNAzol"
"713",6210,"6210_401_26","warm",26,1,"I","401-4",NA,NA,NA,NA,"RNAzol"
"714",6129,"6129_403_26","warm",26,1,"I","403-5",NA,NA,NA,NA,"RNAzol"
"715",6180,"6180_402_26","warm",26,0,"I","402-5",NA,NA,NA,NA,"RNAzol"
"716",6210,"6210_401_26","warm",26,1,"I","401-5",NA,NA,NA,NA,"RNAzol"
"717",6129,"6129_403_26","warm",26,1,"I","403-6",NA,NA,NA,NA,"RNAzol"
"718",6180,"6180_402_26","warm",26,0,"I","402-6",NA,NA,NA,NA,"RNAzol"
"719",6210,"6210_401_26","warm",26,1,"I","401-6",NA,NA,NA,NA,"RNAzol"
