year.FRP,FRP,Uniq_ID,sample_day,infection_status,maturity,Holding_Tank,Low_Tag,High_Tag,sample,temp_trtmnt,treatment_tank,where,tube_number,Comments,death,comments,CW,SC,CH,Assay_Name,Test_Date,Original_sample_conc_ng/ul,volume_ul,tyield_ng,
2017-6101,6101,6101_84_9,9,0,I,7A,3001,3035,NA,cold,1,drain end,455,,,,115.7,3,20.4,NA,NA,NA,40,#VALUE!,
2017-6101,6101,6101_206_12,12,0,I,1C,3001,3035,NA,cold,1,,100,,,,115.7,3,20.4,NA,NA,NA,40,#VALUE!,
2017-6101,6101,6101_415_26,26,0,I,1C,3001,3035,NA,cold,1,,307,,,,115.7,3,20.4,NA,NA,NA,40,#VALUE!,
2017-6102,6102,6102_18_9,9,0,I,8A,3004,3219,NA,cold,2,drain end,90,,,,110.4,4,15.4,NA,NA,NA,40,#VALUE!,
2017-6102,6102,6102_236_12,12,0,I,2C,3004,3219,NA,cold,2,,131,,,,110.4,4,15.4,NA,NA,NA,40,#VALUE!,
2017-6102,6102,6102_439_26,26,0,I,2C,3004,3219,NA,cold,2,,333,,,,110.4,4,15.4,RNA High sensitivity,5/1/18 14:28,6.08,40,243.2,
2017-6103,6103,6103_46_9,9,1,I,9A,3007,3119,NA,cold,1,drain end,356,3007/3291,,,83.5,3,10.8,NA,NA,NA,40,#VALUE!,
2017-6103,6103,6103_215_12,12,1,I,1C,3007,3119,NA,cold,1,,109,3007/3291,,,83.5,3,10.8,NA,NA,NA,40,#VALUE!,
2017-6103,6103,6103_409_26,26,1,I,1C,3007,3119,NA,cold,1,,300,,,,83.5,3,10.8,NA,NA,NA,40,#VALUE!,
2017-6104,6104,6104_41_9,9,0,I,9A,3008,3472,NA,cold,3,drain end,301,,,,81.6,3,11,NA,NA,NA,40,#VALUE!,
2017-6104,6104,6104_259_12,12,0,I,3C,3008,3472,NA,cold,3,,156,,,,81.6,3,11,NA,NA,NA,40,#VALUE!,
2017-6104,6104,6104_458_26,26,0,I,3C,3008,3472,NA,cold,3,,354,,,,81.6,3,11,NA,NA,NA,40,#VALUE!,
2017-6105,6105,6105_43_9,9,1,I,9A,3019,3504,NA,cold,2,drain end,323,,,,119.8,3,19.2,NA,NA,NA,40,#VALUE!,
2017-6105,6105,6105_234_12,12,1,I,2C,3019,3504,NA,cold,2,,129,,,,119.8,3,19.2,NA,NA,NA,40,#VALUE!,
2017-6105,6105,6105_438_26,26,1,I,2C,3019,3504,NA,cold,2,,332,,,,119.8,3,19.2,NA,NA,NA,40,#VALUE!,
2017-6106,6106,6106_5_9,9,0,M,8A,3020,3509,NA,cold,3,drain end,400,,,,113.8,3,20.5,NA,NA,NA,40,#VALUE!,
2017-6106,6106,6106_241_12,12,0,M,3C,3020,3509,NA,cold,3,,137,,,,113.8,3,20.5,NA,NA,NA,40,#VALUE!,
2017-6106,6106,6106_450_26,26,0,M,3C,3020,3509,NA,cold,3,,346,,,,113.8,3,20.5,RNA High sensitivity,4/9/18 13:19,1.8,40,72,
2017-6107,6107,6107_115_9,9,0,M,3C,3024,3597,NA,ambient,7,drain end,19,,,,132.9,4,29.7,NA,NA,NA,40,#VALUE!,
2017-6107,6107,6107_350_12,12,0,M,7A,3024,3597,NA,ambient,7,,255,,,,132.9,4,29.7,NA,NA,NA,40,#VALUE!,
2017-6107,6107,6107_471_26,26,0,M,7A,3024,3597,NA,ambient,7,,369,,,,132.9,4,29.7,NA,NA,NA,40,#VALUE!,
2017-6108,6108,6108_6_9,9,1,I,8A,3032,3442,NA,cold,3,drain end,428,,,,131.9,3,19.6,RNA High sensitivity,4/4/18 13:58,2.75,40,110,
2017-6108,6108,6108_255_12,12,1,I,3C,3032,3442,NA,cold,3,,152,,,,131.9,3,19.6,RNA High sensitivity,5/24/18 13:51,2.46,40,98.4,
2017-6108,6108,6108_455_26,26,1,I,3C,3032,3442,NA,cold,3,,351,,,,131.9,3,19.6,NA,NA,NA,40,#VALUE!,
2017-6109,6109,6109_31_9,9,0,I,8A,3034,3217,NA,ambient,7,drain end,211,,,,128.8,3,18.9,NA,NA,NA,40,#VALUE!,
2017-6109,6109,6109_351_12,12,0,I,7A,3034,3217,NA,ambient,7,,256,,,,128.8,3,18.9,NA,NA,NA,40,#VALUE!,
2017-6109,6109,6109_480_26,26,0,I,7A,3034,3217,NA,ambient,7,,379,,,,128.8,3,18.9,RNA High sensitivity,5/23/18 14:55,3.94,40,157.6,
2017-6110,6110,6110_135_9,9,0,I,2C,3049,3337,NA,ambient,8,drain end,41,,,,123.4,0,19.2,NA,NA,NA,40,#VALUE!,
2017-6110,6110,6110_331_12,12,0,I,8A,3049,3337,NA,ambient,8,,235,,,,123.4,0,19.2,NA,NA,NA,40,#VALUE!,
2017-6110,6110,6110_488_26,26,0,I,8A,3049,3337,NA,ambient,8,,387,,,,123.4,0,19.2,NA,NA,NA,40,#VALUE!,
2017-6111,6111,6111_90_9,9,1,I,7A,3052,3115,NA,ambient,7,drain end,462,,,,116.8,3,16,NA,NA,NA,40,#VALUE!,
2017-6111,6111,6111_356_12,12,1,I,7A,3052,3115,NA,ambient,7,,261,,,,116.8,3,16,NA,NA,NA,40,#VALUE!,
2017-6111,6111,6111_468_26,26,1,I,7A,3052,3115,NA,ambient,7,,365,,,,116.8,3,16,NA,NA,NA,40,#VALUE!,
2017-6112,6112,6112_28_9,9,0,I,8A,3053,3116,NA,ambient,9,drain end,179,,,,115.9,4,17.1,NA,NA,NA,40,#VALUE!,
2017-6112,6112,6112_317_12,12,0,I,9A,3053,3116,NA,ambient,9,,219,,,,115.9,4,17.1,NA,NA,NA,40,#VALUE!,
2017-6112,6112,6112_499_26,26,0,I,9A,3053,3116,NA,ambient,9,,399,,,,115.9,4,17.1,NA,NA,NA,40,#VALUE!,
2017-6113,6113,6113_78_9,9,0,I,7A,3062,3121,NA,cold,1,drain end,448,,,,126.5,3,19.1,NA,NA,NA,40,#VALUE!,
2017-6113,6113,6113_214_12,12,0,I,1C,3062,3121,NA,cold,1,,108,,,,126.5,3,19.1,NA,NA,NA,40,#VALUE!,
2017-6113,6113,6113_419_26,26,0,I,1C,3062,3121,NA,cold,1,,311,,,,126.5,3,19.1,RNA High sensitivity,5/2/18 13:08,2.05,40,82,
2017-6114,6114,6114_142_9,9,1,I,2C,3067,3346,NA,ambient,8,drain end,49,,,,122.2,3,18.4,NA,NA,NA,40,#VALUE!,
2017-6114,6114,6114_326_12,12,1,I,8A,3067,3346,NA,ambient,8,,229,,,,122.2,3,18.4,RNA High sensitivity,4/23/18 18:02,2.12,40,84.8,
2017-6114,6114,6114_484_26,26,1,I,8A,3067,3346,NA,ambient,8,,383,,,,122.2,3,18.4,NA,NA,NA,40,#VALUE!,
2017-6115,6115,6115_33_9,9,1,I,9A,3068,3519,NA,ambient,9,drain end,233,,,,110.2,3,10.1,NA,NA,NA,40,#VALUE!,
2017-6115,6115,6115_307_12,12,1,I,9A,3068,3519,NA,ambient,9,,209,#1,replacement tube,,110.2,3,10.1,NA,NA,NA,40,#VALUE!,
2017-6115,6115,6115_514_26,26,1,I,9A,3068,3519,NA,ambient,9,,416,,,,110.2,3,10.1,NA,NA,NA,40,#VALUE!,
2017-6116,6116,6116_76_9,9,1,I,7A,3072,3560,NA,cold,1,drain end,446,,,,120.1,3,17.1,NA,NA,NA,40,#VALUE!,
2017-6116,6116,6116_212_12,12,1,I,1C,3072,3560,NA,cold,1,,106,,,,120.1,3,17.1,RNA High sensitivity,4/23/18 18:02,3.1,40,124,
2017-6116,6116,6116_417_26,26,1,I,1C,3072,3560,NA,cold,1,,309,,,,120.1,3,17.1,RNA High sensitivity,4/9/18 13:37,4,40,160,
2017-6117,6117,6117_42_9,9,0,I,9A,3074,3282,NA,cold,2,drain end,312,,,,116.8,3,19.3,NA,NA,NA,40,#VALUE!,
2017-6117,6117,6117_225_12,12,0,I,2C,3074,3282,NA,cold,2,,119,,,,116.8,3,19.3,NA,NA,NA,40,#VALUE!,
2017-6117,6117,6117_440_26,26,0,I,2C,3074,3282,NA,cold,2,,335,,,,116.8,3,19.3,RNA High sensitivity,5/2/18 13:08,3.46,40,138.4,
2017-6118,6118,6118_87_9,9,1,I,7A,3077,3447,NA,cold,2,drain end,458,,,,124.1,3,17,NA,NA,NA,40,#VALUE!,
2017-6118,6118,6118_240_12,12,1,I,2C,3077,3447,NA,cold,2,,136,,,,124.1,3,17,NA,NA,NA,40,#VALUE!,
2017-6118,6118,6118_430_26,26,1,I,2C,3077,3447,NA,cold,2,,324,,,,124.1,3,17,NA,NA,NA,40,#VALUE!,
2017-6119,6119,6119_153_9,9,0,I,1C,3081,3210,NA,cold,3,drain end,61,,,,97.7,3,13.4,NA,NA,NA,40,#VALUE!,
2017-6119,6119,6119_258_12,12,0,I,3C,3081,3210,NA,cold,3,,155,,,,97.7,3,13.4,NA,NA,NA,40,#VALUE!,
2017-6119,6119,6119_461_26,26,0,I,3C,3081,3210,NA,cold,3,,358,,,,97.7,3,13.4,RNA High sensitivity,4/6/18 14:03,3.71,40,148.4,
2017-6120,6120,6120_165_9,9,1,I,1C,3082,3546,NA,cold,3,drain end,74,,,,90.8,3,12.3,RNA High sensitivity,5/24/18 17:46,4.6,40,184,
2017-6120,6120,6120_248_12,12,1,I,3C,3082,3546,NA,cold,3,,144,,,,90.8,3,12.3,NA,NA,NA,40,#VALUE!,
2017-6120,6120,6120_459_26,26,1,I,3C,3082,3546,NA,cold,3,,355,,,,90.8,3,12.3,RNA High sensitivity,4/28/18 15:42,3.32,40,132.8,
2017-6121,6121,6121_15_9,9,1,I,8A,3099,3579,NA,ambient,7,drain end,57,,,,114.6,3,14.2,NA,NA,NA,40,#VALUE!,
2017-6121,6121,6121_352_12,12,1,I,7A,3099,3579,NA,ambient,7,,257,,,,114.6,3,14.2,NA,NA,NA,40,#VALUE!,
2017-6121,6121,6121_472_26,26,1,I,7A,3099,3579,NA,ambient,7,,370,,,,114.6,3,14.2,RNA High sensitivity,4/20/18 14:30,1.8,40,72,
2017-6122,6122,6122_133_9,9,1,I,3C,3100,3528,NA,ambient,8,drain end,39,,,,100,3,14.5,NA,NA,NA,40,#VALUE!,
2017-6122,6122,6122_325_12,12,1,I,8A,3100,3528,NA,ambient,8,,228,,,,100,3,14.5,NA,NA,NA,40,#VALUE!,
2017-6122,6122,6122_489_26,26,1,I,8A,3100,3528,NA,ambient,8,,388,,,,100,3,14.5,NA,NA,NA,40,#VALUE!,
2017-6123,6123,6123_82_9,9,0,I,7A,3101,3463,NA,ambient,7,drain end,453,blood very clear,,,112.4,3,17.5,RNA High sensitivity,4/24/18 14:50,6.16,40,246.4,
2017-6123,6123,6123_345_12,12,0,I,7A,3101,3463,NA,ambient,7,,249,,,,112.4,3,17.5,NA,NA,NA,40,#VALUE!,
2017-6123,6123,6123_473_26,26,0,I,7A,3101,3463,NA,ambient,7,,371,,,,112.4,3,17.5,NA,NA,NA,40,#VALUE!,
2017-6124,6124,6124_75_9,9,0,M,7A,3103,3158,NA,ambient,7,drain end,445,,,,120.5,3,23,NA,NA,NA,40,#VALUE!,
2017-6124,6124,6124_347_12,12,0,M,7A,3103,3158,NA,ambient,7,,251,,,,120.5,3,23,RNA High sensitivity,4/23/18 17:40,4.8,40,192,
2017-6124,6124,6124_464_26,26,0,M,7A,3103,3158,NA,ambient,7,,361,,,,120.5,3,23,RNA High sensitivity,5/23/18 14:55,6.52,40,260.8,
2017-6125,6125,6125_144_9,9,1,I,2C,3105,3146,NA,ambient,9,drain end,51,,,,119.4,3,18.4,NA,NA,NA,40,#VALUE!,
2017-6125,6125,6125_303_12,12,1,I,9A,3105,3146,NA,ambient,9,,205,,,,119.4,3,18.4,RNA High sensitivity,4/10/18 17:23,1.64,40,65.6,
2017-6125,6125,6125_503_26,26,1,I,9A,3105,3146,NA,ambient,9,,405,,,,119.4,3,18.4,NA,NA,NA,40,#VALUE!,
2017-6126,6126,6126_79_9,9,1,I,7A,3108,3501,NA,cold,1,drain end,449,,,,109,3,14.6,NA,NA,NA,40,#VALUE!,
2017-6126,6126,6126_201_12,12,1,I,1C,3108,3501,NA,cold,1,,95,,,,109,3,14.6,NA,NA,NA,40,#VALUE!,
2017-6126,6126,6126_418_26,26,1,I,1C,3108,3501,NA,cold,1,,310,,,,109,3,14.6,NA,NA,NA,40,#VALUE!,
2017-6127,6127,6127_37_9,9,0,I,9A,3110,3255,NA,ambient,8,drain end,276,,,,108.4,3,19.3,RNA High sensitivity,5/24/18 13:51,4.2,40,168,
2017-6127,6127,6127_335_12,12,0,I,8A,3110,3255,NA,ambient,8,,239,,,,108.4,3,19.3,NA,NA,NA,40,#VALUE!,
2017-6127,6127,6127_497_26,26,0,I,8A,3110,3255,NA,ambient,8,,397,,,,108.4,3,19.3,NA,NA,NA,40,#VALUE!,
2017-6128,6128,6128_112_9,9,1,I,3C,3113,3179,NA,cold,2,drain end,16,,,,121,3,18.6,RNA High sensitivity,5/24/18 17:46,10.2,40,408,
2017-6128,6128,6128_231_12,12,1,I,2C,3113,3179,NA,cold,2,,126,,,,121,3,18.6,NA,NA,NA,40,#VALUE!,
2017-6128,6128,6128_441_26,26,1,I,2C,3113,3179,NA,cold,2,,336,,,,121,3,18.6,RNA High sensitivity,4/28/18 15:42,2.62,40,104.8,
2017-6129,6129,6129_86_9,9,1,I,7A,3129,3137,NA,warm,5,drain end,457,,,,114.1,3,16.8,RNA High sensitivity,4/3/18 15:08,3.58,40,143.2,
2017-6129,6129,6129_299_12,12,1,I,5W,3129,3137,NA,warm,5,,200,,,,114.1,3,16.8,NA,NA,NA,40,#VALUE!,
2017-6129,6129,6129_403_26,26,1,I,5W,3129,3137,NA,warm,5,,294,,,,114.1,3,16.8,NA,NA,NA,40,#VALUE!,
2017-6130,6130,6130_47_9,9,0,I,9A,3134,3208,NA,ambient,8,drain end,367,,,,111.4,3,11.8,NA,NA,NA,40,#VALUE!,
2017-6130,6130,6130_339_12,12,0,I,8A,3134,3208,NA,ambient,8,,243,,,,111.4,3,11.8,NA,NA,NA,40,#VALUE!,
2017-6130,6130,6130_498_26,26,0,I,8A,3134,3208,NA,ambient,8,,398,,,,111.4,3,11.8,NA,NA,NA,40,#VALUE!,
2017-6131,6131,6131_38_9,9,0,I,9A,3147,3563,NA,ambient,9,drain end,287,,,,107.4,3,19.1,RNA High sensitivity,5/24/18 13:51,5.52,40,220.8,
2017-6131,6131,6131_314_12,12,0,I,9A,3147,3563,NA,ambient,9,,216,,,,107.4,3,19.1,NA,NA,NA,40,#VALUE!,
2017-6131,6131,6131_507_26,26,0,I,9A,3147,3563,NA,ambient,9,,409,,,,107.4,3,19.1,RNA High sensitivity,4/23/18 17:41,8.04,40,321.6,
2017-6132,6132,6132_88_9,9,0,I,7A,3149,3436,NA,cold,1,drain end,459,,,,133.7,3,22.1,NA,NA,NA,40,#VALUE!,
2017-6132,6132,6132_205_12,12,0,I,1C,3149,3436,NA,cold,1,,99,,,,133.7,3,22.1,NA,NA,NA,40,#VALUE!,
2017-6132,6132,6132_406_26,26,0,I,1C,3149,3436,NA,cold,1,,297,,,,133.7,3,22.1,NA,NA,NA,40,#VALUE!,
2017-6133,6133,6133_36_9,9,0,I,9A,3160,3273,NA,cold,2,drain end,265,,,,103.6,4,11.8,RNA High sensitivity,5/24/18 13:50,7.24,40,289.6,
2017-6133,6133,6133_223_12,12,0,I,2C,3160,3273,NA,cold,2,,117,,,,103.6,4,11.8,NA,NA,NA,40,#VALUE!,
2017-6133,6133,6133_434_26,26,0,I,2C,3160,3273,NA,cold,2,,328,,,,103.6,4,11.8,NA,NA,NA,40,#VALUE!,
2017-6134,6134,6134_77_9,9,1,I,7A,3165,3254,NA,ambient,7,drain end,447,,,,115.1,3,14.6,NA,NA,NA,40,#VALUE!,
2017-6134,6134,6134_353_12,12,1,I,7A,3165,3254,NA,ambient,7,,258,,,,115.1,3,14.6,RNA High sensitivity,4/10/18 17:22,3.86,40,154.4,
2017-6134,6134,6134_465_26,26,1,I,7A,3165,3254,NA,ambient,7,,362,,,,115.1,3,14.6,NA,NA,NA,40,#VALUE!,
2017-6135,6135,6135_4_9,9,1,M,8A,3166,3433,NA,ambient,8,drain end,290,,,,130.8,4,30.1,NA,NA,NA,40,#VALUE!,
2017-6135,6135,6135_327_12,12,1,M,8A,3166,3433,NA,ambient,8,,230,,,,130.8,4,30.1,RNA High sensitivity,4/23/18 18:02,6.2,40,248,
2017-6135,6135,6135_492_26,26,1,M,8A,3166,3433,NA,ambient,8,,392,,,,130.8,4,30.1,NA,NA,NA,40,#VALUE!,
2017-6136,6136,6136_91_9,9,0,M,7A,3171,3557,NA,ambient,8,drain end,463,,,,113.6,3,21.6,RNA High sensitivity,5/1/18 14:28,2.83,40,113.2,
2017-6136,6136,6136_321_12,12,0,M,8A,3171,3557,NA,ambient,8,,224,,,,113.6,3,21.6,NA,NA,NA,40,#VALUE!,
2017-6136,6136,6136_491_26,26,0,M,8A,3171,3557,NA,ambient,8,,391,,,,113.6,3,21.6,NA,NA,NA,40,#VALUE!,
2017-6137,6137,6137_81_9,9,1,I,7A,3172,3374,NA,ambient,9,drain end,452,,,,96.9,3,13,NA,NA,NA,40,#VALUE!,
2017-6137,6137,6137_301_12,12,1,I,9A,3172,3374,NA,ambient,9,,203,,,,96.9,3,13,NA,NA,NA,40,#VALUE!,
2017-6137,6137,6137_500_26,26,1,I,9A,3172,3374,NA,ambient,9,,402,,,,96.9,3,13,RNA High sensitivity,4/20/18 14:30,1.46,40,58.4,
2017-6138,6138,6138_80_9,9,0,I,7A,3173,3495,NA,cold,3,drain end,451,,,,118.8,3,18,NA,NA,NA,40,#VALUE!,
2017-6138,6138,6138_247_12,12,0,I,3C,3173,3495,NA,cold,3,,143,,,,118.8,3,18,NA,NA,NA,40,#VALUE!,
2017-6138,6138,6138_453_26,26,0,I,3C,3173,3495,NA,cold,3,,349,,,,118.8,3,18,RNA High sensitivity,4/9/18 13:38,5.56,40,222.4,
2017-6139,6139,6139_104_9,9,3,M,3C,3181,3252,NA,ambient,8,drain end,7,,,,128,3,28.5,NA,NA,NA,40,#VALUE!,
2017-6139,6139,6139_332_12,12,3,M,8A,3181,3252,NA,ambient,8,,236,,,,128,3,28.5,NA,NA,NA,40,#VALUE!,
2017-6139,6139,6139_493_26,26,3,M,8A,3181,3252,NA,ambient,8,,393,,,,128,3,28.5,NA,NA,NA,40,#VALUE!,
2017-6140,6140,6140_8_9,9,1,I,8A,3183,3187,NA,cold,2,drain end,450,,,,110,3,15,NA,NA,NA,40,#VALUE!,
2017-6140,6140,6140_237_12,12,1,I,2C,3183,3187,NA,cold,2,,132,,,,110,3,15,NA,NA,NA,40,#VALUE!,
2017-6140,6140,6140_429_26,26,1,I,2C,3183,3187,NA,cold,2,,322,,,,110,3,15,RNA High sensitivity,5/1/18 17:59,2.69,40,107.6,
2017-6141,6141,6141_123_9,9,1,I,3C,3200,3402,NA,cold,3,drain end,28,,,,122.9,3,18.9,NA,NA,NA,40,#VALUE!,
2017-6141,6141,6141_249_12,12,1,I,3C,3200,3402,NA,cold,3,,145,,,,122.9,3,18.9,RNA High sensitivity,4/28/18 15:42,4.4,40,176,
2017-6141,6141,6141_451_26,26,1,I,3C,3200,3402,NA,cold,3,,347,,,,122.9,3,18.9,NA,NA,NA,40,#VALUE!,
2017-6142,6142,6142_65_9,9,0,I,7A,3203,3230,NA,ambient,7,drain end,434,,,,96.5,3,14.3,RNA High sensitivity,4/10/18 17:23,3.9,40,156,
2017-6142,6142,6142_346_12,12,0,I,7A,3203,3230,NA,ambient,7,,250,,,,96.5,3,14.3,NA,NA,NA,40,#VALUE!,
2017-6142,6142,6142_474_26,26,0,I,7A,3203,3230,NA,ambient,7,,372,,,,96.5,3,14.3,NA,NA,NA,40,#VALUE!,
2017-6143,6143,6143_10_9,9,0,M,8A,3216,3451,NA,ambient,7,drain end,3,,,,118.8,4,22.3,RNA High sensitivity,5/24/18 13:50,7.2,40,288,
2017-6143,6143,6143_343_12,12,0,M,7A,3216,3451,NA,ambient,7,,247,,,,118.8,4,22.3,RNA High sensitivity,4/24/18 14:32,6.44,40,257.6,
2017-6143,6143,6143_479_26,26,0,M,7A,3216,3451,NA,ambient,7,,377,,,,118.8,4,22.3,NA,NA,NA,40,#VALUE!,
2017-6144,6144,6144_14_9,9,1,I,8A,3225,3507,NA,ambient,7,drain end,46,,,,128,3,17,RNA High sensitivity,4/3/18 15:08,5.04,40,201.6,
2017-6144,6144,6144_348_12,12,1,I,7A,3225,3507,NA,ambient,7,,252,,,,128,3,17,NA,NA,NA,40,#VALUE!,
2017-6144,6144,6144_477_26,26,1,I,7A,3225,3507,NA,ambient,7,,375,,,,128,3,17,NA,NA,NA,40,#VALUE!,
2017-6145,6145,6145_59_9,9,1,I,7A,3232,3323,NA,ambient,9,drain end,427,,,,112.3,3,15.3,RNA High sensitivity,5/1/18 17:59,3.71,40,148.4,
2017-6145,6145,6145_305_12,12,1,I,9A,3232,3323,NA,ambient,9,,207,#4,replacement tube,,112.3,3,15.3,RNA High sensitivity,4/29/18 17:58,1.88,40,75.2,
2017-6145,6145,6145_505_26,26,1,I,9A,3232,3323,NA,ambient,9,,407,,,,112.3,3,15.3,NA,NA,NA,40,#VALUE!,
2017-6146,6146,6146_12_9,9,0,I,8A,3237,3399,NA,ambient,9,drain end,24,,,,106.1,4,19,NA,NA,NA,40,#VALUE!,
2017-6146,6146,6146_309_12,12,0,I,9A,3237,3399,NA,ambient,9,,210,,,,106.1,4,19,NA,NA,NA,40,#VALUE!,
2017-6146,6146,6146_502_26,26,0,I,9A,3237,3399,NA,ambient,9,,404,,,,106.1,4,19,NA,NA,NA,40,#VALUE!,
2017-6147,6147,6147_30_9,9,0,I,8A,3241,3309,NA,cold,1,drain end,202,,,,119.5,4,18.3,RNA High sensitivity,4/23/18 18:02,4.68,40,187.2,
2017-6147,6147,6147_204_12,12,0,I,1C,3241,3309,NA,cold,1,,98,,,,119.5,4,18.3,NA,NA,NA,40,#VALUE!,
2017-6147,6147,6147_421_26,26,0,I,1C,3241,3309,NA,cold,1,,314,,,,119.5,4,18.3,RNA High sensitivity,4/9/18 13:19,1.42,40,56.8,
2017-6148,6148,6148_56_9,9,1,I,7A,3251,3422,NA,cold,1,drain end,424,,,,116.1,3,17,NA,NA,NA,40,#VALUE!,
2017-6148,6148,6148_213_12,12,1,I,1C,3251,3422,NA,cold,1,,107,,,,116.1,3,17,RNA High sensitivity,5/2/18 13:07,2.59,40,103.6,
2017-6148,6148,6148_405_26,26,1,I,1C,3251,3422,NA,cold,1,,296,,,,116.1,3,17,NA,NA,NA,40,#VALUE!,
2017-6149,6149,6149_64_9,9,1,I,7A,3253,3578,NA,cold,2,drain end,433,,,,115.4,3,16.3,NA,NA,NA,40,#VALUE!,
2017-6149,6149,6149_226_12,12,1,I,2C,3253,3578,NA,cold,2,,120,,,,115.4,3,16.3,RNA High sensitivity,4/20/18 14:18,0,40,0,
2017-6149,6149,6149_437_26,26,1,I,2C,3253,3578,NA,cold,2,,331,,,,115.4,3,16.3,NA,NA,NA,40,#VALUE!,
2017-6150,6150,6150_119_9,9,0,M,3C,3257,3261,NA,ambient,9,drain end,23,,,,130,3,27.8,RNA High sensitivity,4/23/18 17:41,1.16,40,46.4,
2017-6150,6150,6150_312_12,12,0,M,9A,3257,3261,NA,ambient,9,,214,,,,130,3,27.8,RNA High sensitivity,4/24/18 14:51,3.55,40,142,
2017-6150,6150,6150_511_26,26,0,M,9A,3257,3261,NA,ambient,9,,413,,,,130,3,27.8,NA,NA,NA,40,#VALUE!,
2017-6151,6151,6151_19_9,9,1,I,8A,3265,3574,NA,cold,3,drain end,92,,,,115.7,3,15.6,RNA High sensitivity,5/24/18 17:46,6.56,40,262.4,
2017-6151,6151,6151_243_12,12,1,I,3C,3265,3574,NA,cold,3,,139,,,,115.7,3,15.6,NA,NA,NA,40,#VALUE!,
2017-6151,6151,6151_454_26,26,1,I,3C,3265,3574,NA,cold,3,,350,,,,115.7,3,15.6,NA,NA,NA,40,#VALUE!,
2017-6152,6152,6152_32_9,9,0,M,9A,3270,3275,NA,ambient,7,drain end,222,,,,113,3,22.5,NA,NA,NA,40,#VALUE!,
2017-6152,6152,6152_344_12,12,0,M,7A,3270,3275,NA,ambient,7,,248,,,,113,3,22.5,NA,NA,NA,40,#VALUE!,
2017-6152,6152,6152_467_26,26,0,M,7A,3270,3275,NA,ambient,7,,364,,,,113,3,22.5,NA,NA,NA,40,#VALUE!,
2017-6153,6153,6153_11_9,9,0,M,8A,3281,3308,NA,cold,1,drain end,13,,,,113.5,4,22.1,NA,NA,NA,40,#VALUE!,
2017-6153,6153,6153_209_12,12,0,M,1C,3281,3308,NA,cold,1,,103,,,,113.5,4,22.1,NA,NA,NA,40,#VALUE!,
2017-6153,6153,6153_404_26,26,0,M,1C,3281,3308,NA,cold,1,,295,,,,113.5,4,22.1,NA,NA,NA,40,#VALUE!,
2017-6154,6154,6154_68_9,9,0,I,7A,3284,3570,NA,cold,2,drain end,437,,,,124.3,3,19.3,NA,NA,NA,40,#VALUE!,
2017-6154,6154,6154_232_12,12,0,I,2C,3284,3570,NA,cold,2,,127,,,,124.3,3,19.3,NA,NA,NA,40,#VALUE!,
2017-6154,6154,6154_436_26,26,0,I,2C,3284,3570,NA,cold,2,,330,,,,124.3,3,19.3,NA,NA,NA,40,#VALUE!,
2017-6155,6155,6155_66_9,9,1,I,7A,3286,3371,NA,ambient,7,drain end,435,,,,93.1,3,13.6,RNA High sensitivity,4/23/18 18:02,0.92,40,36.8,
2017-6155,6155,6155_358_12,12,1,I,7A,3286,3371,NA,ambient,7,,263,,,,93.1,3,13.6,NA,NA,NA,40,#VALUE!,
2017-6155,6155,6155_476_26,26,1,I,7A,3286,3371,NA,ambient,7,,374,,,,93.1,3,13.6,NA,NA,NA,40,#VALUE!,
2017-6156,6156,6156_24_9,9,0,I,8A,3293,3370,NA,cold,3,drain end,135,,,,120,3,17.1,NA,NA,NA,40,#VALUE!,
2017-6156,6156,6156_242_12,12,0,I,3C,3293,3370,NA,cold,3,,138,,,,120,3,17.1,NA,NA,NA,40,#VALUE!,
2017-6156,6156,6156_446_26,26,0,I,3C,3293,3370,NA,cold,3,,341,,,,120,3,17.1,NA,NA,NA,40,#VALUE!,
2017-6157,6157,6157_169_9,9,0,M,1C,3306,3354,NA,cold,2,drain end,78,,,,122.6,4,25.3,RNA High sensitivity,4/24/18 14:51,2.19,40,87.6,
2017-6157,6157,6157_224_12,12,0,M,2C,3306,3354,NA,cold,2,,118,,,,122.6,4,25.3,NA,NA,NA,40,#VALUE!,
2017-6157,6157,6157_423_26,26,0,M,2C,3306,3354,NA,cold,2,,316,,,,122.6,4,25.3,NA,NA,NA,40,#VALUE!,
2017-6158,6158,6158_101_9,9,1,I,3C,3310,3488,NA,ambient,8,drain end,4,"There are 2 tubes recorded as 101 (3C, 8A), but there are no tube #s missing.",,,124.5,3,18.9,RNA High sensitivity,4/6/18 13:38,3.52,40,140.8,
2017-6158,6158,6158_324_12,12,1,I,8A,3310,3488,NA,ambient,8,,227,,,,124.5,3,18.9,NA,NA,NA,40,#VALUE!,
2017-6158,6158,6158_483_26,26,1,I,8A,3310,3488,NA,ambient,8,,382,,,,124.5,3,18.9,NA,NA,NA,40,#VALUE!,
2017-6159,6159,6159_26_9,9,1,I,8A,3311,3551,NA,ambient,9,drain end,157,,,,117,3,16.4,RNA High sensitivity,5/23/18 14:55,7.6,40,304,
2017-6159,6159,6159_313_12,12,1,I,9A,3311,3551,NA,ambient,9,,215,,,,117,3,16.4,RNA High sensitivity,4/23/18 17:41,6.68,40,267.2,
2017-6159,6159,6159_508_26,26,1,I,9A,3311,3551,NA,ambient,9,,410,,,,117,3,16.4,NA,NA,NA,40,#VALUE!,
2017-6160,6160,6160_7_9,9,0,M,8A,3317,3545,NA,cold,2,drain end,439,,,,108.5,4,22,NA,NA,NA,40,#VALUE!,
2017-6160,6160,6160_238_12,12,0,M,2C,3317,3545,NA,cold,2,,133,,,,108.5,4,22,NA,NA,NA,40,#VALUE!,
2017-6160,6160,6160_426_26,26,0,M,2C,3317,3545,NA,cold,2,,319,,,,108.5,4,22,NA,NA,NA,40,#VALUE!,
2017-6161,6161,6161_53_9,9,0,M,7A,3326,3536,NA,ambient,9,drain end,421,,,,114.1,4,22.3,RNA High sensitivity,4/29/18 17:59,3.64,40,145.6,
2017-6161,6161,6161_302_12,12,0,M,9A,3326,3536,NA,ambient,9,,204,,,,114.1,4,22.3,RNA High sensitivity,4/29/18 17:58,3.6,40,144,
2017-6161,6161,6161_512_26,26,0,M,9A,3326,3536,NA,ambient,9,,414,,,,114.1,4,22.3,RNA High sensitivity,4/29/18 17:59,7.52,40,300.8,
2017-6162,6162,6162_61_9,9,1,I,7A,3328,3510,NA,cold,1,drain end,430,,,,119,3,17,NA,NA,NA,40,#VALUE!,
2017-6162,6162,6162_220_12,12,1,I,1C,3328,3510,NA,cold,1,,114,,,,119,3,17,NA,NA,NA,40,#VALUE!,
2017-6162,6162,6162_407_26,26,1,I,1C,3328,3510,NA,cold,1,,298,,,,119,3,17,RNA High sensitivity,5/24/18 17:47,2.1,40,84,
2017-6163,6163,6163_130_9,9,1,I,3C,3330,3409,NA,cold,2,drain end,36,,,,118.5,3,17.1,RNA High sensitivity,4/10/18 14:47,4.16,40,166.4,
2017-6163,6163,6163_228_12,12,1,I,2C,3330,3409,NA,cold,2,,122,,,,118.5,3,17.1,NA,NA,NA,40,#VALUE!,
2017-6163,6163,6163_424_26,26,1,I,2C,3330,3409,NA,cold,2,,317,,,,118.5,3,17.1,NA,NA,NA,40,#VALUE!,
2017-6164,6164,6164_71_9,9,1,I,7A,3351,3390,NA,cold,3,drain end,441,3351/3580,,,86.8,3,10.8,NA,NA,NA,40,#VALUE!,
2017-6164,6164,6164_257_12,12,1,I,3C,3351,3580,NA,cold,3,,154,,,,86.8,3,10.8,RNA High sensitivity,4/4/18 13:58,1.32,40,52.8,
2017-6164,6164,6164_460_26,26,1,I,3C,3351,3580,NA,cold,3,,357,,,,86.8,3,10.8,NA,NA,NA,40,#VALUE!,
2017-6165,6165,6165_55_9,9,0,I,7A,3362,3539,NA,ambient,7,drain end,423,,,,113.2,3,19.5,NA,NA,NA,40,#VALUE!,y
2017-6165,6165,6165_360_12,12,0,I,7A,3362,3539,NA,ambient,7,,266,,,,113.2,3,19.5,NA,NA,NA,40,#VALUE!,
2017-6165,6165,6165_469_26,26,0,I,7A,3362,3539,NA,ambient,7,,366,,,,113.2,3,19.5,RNA High sensitivity,5/24/18 17:47,2.41,40,96.4,
2017-6166,6166,6166_21_9,9,0,I,8A,3378,3534,NA,ambient,8,drain end,104,,,,91.8,3,11.3,NA,NA,NA,40,#VALUE!,
2017-6166,6166,6166_349_12,12,0,I,8A,3378,3534,NA,ambient,8,,253,,,,91.8,3,11.3,RNA High sensitivity,4/23/18 17:41,0.84,40,33.6,
2017-6166,6166,6166_496_26,26,0,I,8A,3378,3534,NA,ambient,8,,396,,,,91.8,3,11.3,NA,NA,NA,40,#VALUE!,
2017-6167,6167,6167_45_9,9,0,I,9A,3382,3481,NA,cold,1,drain end,345,,,,110.7,3,12.4,NA,NA,NA,40,#VALUE!,
2017-6167,6167,6167_207_12,12,0,I,1C,3382,3481,NA,cold,1,,101,,,,110.7,3,12.4,NA,NA,NA,40,#VALUE!,
2017-6167,6167,6167_414_26,26,0,I,1C,3382,3481,NA,cold,1,,306,,,,110.7,3,12.4,RNA High sensitivity,4/28/18 15:43,3.03,40,121.2,
2017-6168,6168,6168_27_9,9,1,I,8A,3385,3554,NA,ambient,7,drain end,168,,,,99.5,3,13.7,NA,NA,NA,40,#VALUE!,
2017-6168,6168,6168_357_12,12,1,I,7A,3385,3554,NA,ambient,7,,262,,,,99.5,3,13.7,NA,NA,NA,40,#VALUE!,
2017-6168,6168,6168_466_26,26,1,I,7A,3385,3554,NA,ambient,7,,363,,,,99.5,3,13.7,NA,NA,NA,40,#VALUE!,
2017-6169,6169,6169_57_9,9,1,I,7A,3391,3550,NA,ambient,8,drain end,425,,,,117.2,3,16.8,NA,NA,NA,40,#VALUE!,
2017-6169,6169,6169_328_12,12,1,I,8A,3391,3550,NA,ambient,8,,231,,,,117.2,3,16.8,NA,NA,NA,40,#VALUE!,
2017-6169,6169,6169_486_26,26,1,I,8A,3391,3550,NA,ambient,8,,385,,,,117.2,3,16.8,NA,NA,NA,40,#VALUE!,
2017-6170,6170,6170_70_9,9,1,I,7A,3397,3553,NA,ambient,9,drain end,440,,,,117.2,3,15.4,RNA High sensitivity,4/24/18 14:51,1.77,40,70.8,
2017-6170,6170,6170_320_12,12,1,I,9A,3397,3553,NA,ambient,9,,223,,,,117.2,3,15.4,RNA High sensitivity,4/10/18 17:23,8.24,40,329.6,
2017-6170,6170,6170_516_26,26,1,I,9A,3397,3553,NA,ambient,9,,418,,,,117.2,3,15.4,NA,NA,NA,40,#VALUE!,
2017-6171,6171,6171_73_9,9,0,I,7A,3400,3464,NA,cold,2,drain end,443,,,,127.4,3,19.3,NA,NA,NA,40,#VALUE!,
2017-6171,6171,6171_221_12,12,0,I,2C,3400,3464,NA,cold,2,,115,,,,127.4,3,19.3,NA,NA,NA,40,#VALUE!,
2017-6171,6171,6171_427_26,26,0,I,2C,3400,3464,NA,cold,2,,320,,,,127.4,3,19.3,NA,NA,NA,40,#VALUE!,
2017-6172,6172,"6172_60,_9",9,0,M,7A,3438,3457,NA,cold,1,drain end,429,,"short 1 crab in tank 1C: crab 3438/3457 should have been placed in trtmnt 1C, but was returned to unsampled pool after blood draw, then later pulled out again, sampled & put in 9A.",,116.3,3,24.4,NA,NA,NA,40,#VALUE!,
2017-6172,6172,6172_316_12,12,0,M,9A,3438,3457,NA,cold,1,,218,,,,116.3,3,24.4,NA,NA,NA,40,#VALUE!,
2017-6172,6172,6172_517_26,26,0,M,9A,3438,3457,NA,cold,1,,419,,,,116.3,3,24.4,RNA High sensitivity,4/24/18 14:51,5.64,40,225.6,
2017-6173,6173,6173_63_9,9,1,I,7A,3448,3468,NA,cold,1,drain end,432,,,,95,3,14.1,NA,NA,NA,40,#VALUE!,
2017-6173,6173,6173_210_12,12,1,I,1C,3448,3468,NA,cold,1,,105,,,,95,3,14.1,NA,NA,NA,40,#VALUE!,
2017-6173,6173,6173_420_26,26,1,I,1C,3448,3468,NA,cold,1,,313,,,,95,3,14.1,RNA High sensitivity,3/26/18 13:35,2,40,80,
2017-6174,6174,6174_20_9,9,1,I,8A,3475,3524,NA,cold,2,drain end,94,,,,117.4,3,15.9,NA,NA,NA,40,#VALUE!,
2017-6174,6174,6174_233_12,12,1,I,2C,3475,3524,NA,cold,2,,128,,,,117.4,3,15.9,RNA High sensitivity,4/23/18 18:01,5.32,40,212.8,
2017-6174,6174,6174_433_26,26,1,I,2C,3475,3524,NA,cold,2,,327,,,,117.4,3,15.9,RNA High sensitivity,4/6/18 13:38,2.01,40,80.4,
2017-6175,6175,6175_67_9,9,0,I,7A,3498,3523,NA,cold,3,drain end,436,,"Hmm, should have gone into tank 1, but went into tank 9.",,116.4,4,19.6,RNA High sensitivity,4/29/18 17:59,5.04,40,201.6,
2017-6175,6175,6175_246_12,12,0,I,3C,3498,3523,NA,cold,3,,142,,,,116.4,4,19.6,NA,NA,NA,40,#VALUE!,
2017-6175,6175,6175_447_26,26,0,I,3C,3498,3523,NA,cold,3,,342,,,,116.4,4,19.6,NA,NA,NA,40,#VALUE!,
2017-6176,6176,6176_48_9,9,0,M,9A,3512,3537,NA,ambient,8,drain end,378,,,,102.3,3,20.1,NA,NA,NA,40,#VALUE!,
2017-6176,6176,6176_329_12,12,0,M,8A,3512,3537,NA,ambient,8,,232,,,,102.3,3,20.1,RNA High sensitivity,4/29/18 17:58,2.38,40,95.2,
2017-6176,6176,6176_490_26,26,0,M,8A,3512,3537,NA,ambient,8,,390,,,,102.3,3,20.1,NA,NA,NA,40,#VALUE!,
2017-6177,6177,6177_54_9,9,1,I,7A,3532,3594,NA,cold,3,drain end,422,,,,120.2,3,17.1,NA,NA,NA,40,#VALUE!,
2017-6177,6177,6177_250_12,12,1,I,3C,3532,3594,NA,cold,3,,147,,,,120.2,3,17.1,NA,NA,NA,40,#VALUE!,
2017-6177,6177,6177_456_26,26,1,I,3C,3532,3594,NA,cold,3,,352,,,,120.2,3,17.1,NA,NA,NA,40,#VALUE!,
2017-6178,6178,6178_124_9,9,0,M,3C,3544,3559,NA,cold,1,drain end,29,,,,138.6,3,30,NA,NA,NA,40,#VALUE!,
2017-6178,6178,6178_218_12,12,0,M,1C,3544,3559,NA,cold,1,,111,,,,138.6,3,30,NA,NA,NA,40,#VALUE!,
2017-6178,6178,6178_410_26,26,0,M,1C,3544,3559,NA,cold,1,,302,,,,138.6,3,30,NA,NA,NA,40,#VALUE!,
2017-6179,6179,6179_34_9,9,0,M,9A,3561,3588,NA,ambient,9,drain end,244,,,,117.4,4,23.2,NA,NA,NA,40,#VALUE!,
2017-6179,6179,6179_315_12,12,0,M,9A,3561,3588,NA,ambient,9,,217,,,,117.4,4,23.2,NA,NA,NA,40,#VALUE!,
2017-6179,6179,6179_515_26,26,0,M,9A,3561,3588,NA,ambient,9,,417,,,,117.4,4,23.2,NA,NA,NA,40,#VALUE!,
2017-6180,6180,6180_149_9,9,0,I,2C,3610,3813,NA,warm,6,anywhere,56,,,,125.4,3,19.5,RNA High sensitivity,2/28/18 17:59,0.896,40,35.84,
2017-6180,6180,6180_370_12,12,0,I,6W,3610,3813,NA,warm,6,,277,,,,125.4,3,19.5,RNA High sensitivity,5/24/18 17:46,9.32,40,372.8,
2017-6180,6180,6180_402_26,26,0,I,6W,3610,3813,NA,warm,6,,293,,,,125.4,3,19.5,RNA High sensitivity,5/24/18 13:51,8.52,40,340.8,
2017-6181,6181,6181_175_9,9,0,I,1C,3616,3846,NA,ambient,7,drain end,85,,,,133.4,3,20.4,RNA High sensitivity,5/23/18 14:55,10.8,40,432,
2017-6181,6181,6181_355_12,12,0,I,7A,3616,3846,NA,ambient,7,,260,,,,133.4,3,20.4,RNA High sensitivity,5/23/18 14:55,8.28,40,331.2,
2017-6181,6181,6181_470_26,26,0,I,7A,3616,3846,NA,ambient,7,,368,,,,133.4,3,20.4,NA,NA,NA,40,#VALUE!,
2017-6182,6182,6182_137_9,9,1,I,2C,3617,3831,NA,ambient,7,drain end,43,,,,141.4,4,21.1,NA,NA,NA,40,#VALUE!,
2017-6182,6182,6182_354_12,12,1,I,7A,3617,3831,NA,ambient,7,,259,BCS+,,,141.4,4,21.1,NA,NA,NA,40,#VALUE!,
2017-6182,6182,6182_462_26,26,1,I,7A,3617,3831,NA,ambient,7,,359,,,,141.4,4,21.1,RNA High sensitivity,5/1/18 14:28,5.68,40,227.2,
2017-6183,6183,6183_141_9,9,1,I,2C,3619,3804,NA,ambient,8,drain end,48,,,,140,3,21.1,NA,NA,NA,40,#VALUE!,
2017-6183,6183,6183_322_12,12,1,I,8A,3619,3804,NA,ambient,8,,225,,,,140,3,21.1,RNA High sensitivity,4/24/18 14:51,1.76,40,70.4,
2017-6183,6183,6183_494_26,26,1,I,8A,3619,3804,NA,ambient,8,,394,,,,140,3,21.1,NA,NA,NA,40,#VALUE!,
2017-6184,6184,6184_148_9,9,1,I,2C,3628,3809,NA,ambient,9,drain end,55,,,,121.9,3,17.3,RNA High sensitivity,3/28/18 14:16,1.16,40,46.4,
2017-6184,6184,6184_318_12,12,1,I,9A,3628,3809,NA,ambient,9,,220,,,,121.9,3,17.3,NA,NA,NA,40,#VALUE!,
2017-6184,6184,6184_513_26,26,1,I,9A,3628,3809,NA,ambient,9,,415,,,,121.9,3,17.3,NA,NA,NA,40,#VALUE!,
2017-6185,6185,6185_145_9,9,0,I,2C,3630,3824,NA,ambient,8,drain end,52,,,,124.8,3,21.8,NA,NA,NA,40,#VALUE!,
2017-6185,6185,6185_336_12,12,0,I,8A,3630,3824,NA,ambient,8,,240,,,,124.8,3,21.8,NA,NA,NA,40,#VALUE!,
2017-6185,6185,6185_487_26,26,0,I,8A,3630,3824,NA,ambient,8,,386,,,,124.8,3,21.8,NA,NA,NA,40,#VALUE!,
2017-6186,6186,6186_171_9,9,0,I,1C,3638,3843,NA,ambient,9,drain end,81,,,,129.4,3,20.8,NA,NA,NA,40,#VALUE!,
2017-6186,6186,6186_306_12,12,0,I,9A,3638,3843,NA,ambient,9,,208,#2,replacement tube,,129.4,3,20.8,NA,NA,NA,40,#VALUE!,
2017-6186,6186,6186_510_26,26,0,I,9A,3638,3843,NA,ambient,9,,412,,,,129.4,3,20.8,RNA High sensitivity,4/23/18 18:02,5,40,200,
2017-6187,6187,6187_158_9,9,1,I,1C,3641,3838,NA,cold,2,drain end,66,,,,129.9,3,19.1,RNA High sensitivity,4/6/18 14:03,0,40,0,
2017-6187,6187,6187_239_12,12,1,I,2C,3641,3838,NA,cold,2,,134,,,,129.9,3,19.1,NA,NA,NA,40,#VALUE!,
2017-6187,6187,6187_431_26,26,1,I,2C,3641,3838,NA,cold,2,,325,,,,129.9,3,19.1,NA,NA,NA,40,#VALUE!,
2017-6188,6188,6188_172_9,9,1,I,1C,3642,3837,NA,cold,3,drain end,82,,,,128.9,3,20.3,NA,NA,NA,40,#VALUE!,
2017-6188,6188,6188_245_12,12,1,I,3C,3642,3837,NA,cold,3,,141,,,,128.9,3,20.3,RNA High sensitivity,5/1/18 17:58,Out of range,40,#VALUE!,
2017-6188,6188,6188_443_26,26,1,I,3C,3642,3837,NA,cold,3,,338,,,,128.9,3,20.3,NA,NA,NA,40,#VALUE!,
2017-6189,6189,6189_176_9,9,0,I,1C,3643,3850,NA,cold,1,drain end,86,,,,126.4,3,20.8,RNA High sensitivity,4/20/18 14:18,3.09,40,123.6,
2017-6189,6189,6189_216_12,12,0,I,1C,3643,3850,NA,cold,1,,110,,,,126.4,3,20.8,NA,NA,NA,40,#VALUE!,
2017-6189,6189,6189_422_26,26,0,I,1C,3643,3850,NA,cold,1,,315,,,,126.4,3,20.8,NA,NA,NA,40,#VALUE!,
2017-6190,6190,6190_101_9,9,3,M,1C,3648,3841,reserve,cold,1,valve end,4,"There are 2 tubes recorded as 101 (3C, 8A), but there are no tube #s missing.",,,126.2,3,25.8,RNA High sensitivity,4/6/18 13:38,3.52,40,140.8,
2017-6190,6190,6190_256_12,12,3,M,3C,3648,3841,NA,cold,1,,153,,,,126.2,3,25.8,RNA High sensitivity,4/10/18 17:22,2.02,40,80.8,
2017-6190,6190,6190_452_26,26,3,M,3C,3648,3841,NA,cold,1,,348,,,,126.2,3,25.8,RNA High sensitivity,4/6/18 13:39,5.76,40,230.4,
2017-6191,6191,6191_95_9,9,0,I,1C,3649,3852,NA,cold,2,drain end,467,,,,127.2,3,20.5,NA,NA,NA,40,#VALUE!,
2017-6191,6191,6191_227_12,12,0,I,2C,3649,3852,NA,cold,2,,121,,,,127.2,3,20.5,NA,NA,NA,40,#VALUE!,
2017-6191,6191,6191_442_26,26,0,I,2C,3649,3852,NA,cold,2,,337,,,,127.2,3,20.5,NA,NA,NA,40,#VALUE!,
2017-6192,6192,6192_178_9,9,1,I,1C,3658,3860,NA,ambient,7,drain end,88,,,,132.2,3,21.7,RNA High sensitivity,4/10/18 14:47,2.81,40,112.4,
2017-6192,6192,6192_359_12,12,1,I,7A,3658,3860,NA,ambient,7,,264,,,,132.2,3,21.7,NA,NA,NA,40,#VALUE!,
2017-6192,6192,6192_463_26,26,1,I,7A,3658,3860,NA,ambient,7,,360,,,,132.2,3,21.7,RNA High sensitivity,4/9/18 13:37,1.55,40,62,
2017-6193,6193,6193_174_9,9,1,I,1C,3662,3866,NA,ambient,8,drain end,84,,,,130.5,3,19,NA,NA,NA,40,#VALUE!,
2017-6193,6193,6193_333_12,12,1,I,8A,3662,3866,NA,ambient,8,,237,,,,130.5,3,19,NA,NA,NA,40,#VALUE!,
2017-6193,6193,6193_482_26,26,1,I,8A,3662,3866,NA,ambient,8,,381,,,,130.5,3,19,NA,NA,NA,40,#VALUE!,
2017-6194,6194,6194_98_9,9,0,M,8A,3663,3862,NA,cold,2,drain end,470,,,,130.6,3,27.6,RNA High sensitivity,4/28/18 15:43,5.28,40,211.2,
2017-6194,6194,6194_235_12,12,0,M,2C,3663,3862,NA,cold,2,,130,,replacement tube,,130.6,3,27.6,NA,NA,NA,40,#VALUE!,
2017-6194,6194,6194_432_26,26,0,M,2C,3663,3862,NA,cold,2,,326,,,,130.6,3,27.6,NA,NA,NA,40,#VALUE!,
2017-6195,6195,6195_150_9,9,1,I,1C,3664,3854,NA,ambient,9,drain end,58,,,,126.3,3,20.6,NA,NA,NA,40,#VALUE!,
2017-6195,6195,6195_304_12,12,1,I,9A,3664,3854,NA,ambient,9,,206,#3,,,126.3,3,20.6,NA,NA,NA,40,#VALUE!,
2017-6195,6195,6195_501_26,26,1,I,9A,3664,3854,NA,ambient,9,,403,,,,126.3,3,20.6,RNA High sensitivity,4/20/18 14:30,2.64,40,105.6,
2017-6196,6196,6196_170_9,9,1,I,1C,3666,3867,NA,cold,1,drain end,80,,,,140.4,3,20,RNA High sensitivity,4/24/18 14:32,2.66,40,106.4,
2017-6196,6196,6196_203_12,12,1,I,1C,3666,3867,NA,cold,1,,97,,,,140.4,3,20,NA,NA,NA,40,#VALUE!,
2017-6196,6196,6196_408_26,26,1,I,1C,3666,3867,NA,cold,1,,299,,,,140.4,3,20,RNA High sensitivity,4/20/18 14:30,0,40,0,
2017-6197,6197,6197_161_9,9,0,M,1C,3667,3864,NA,cold,3,drain end,70,,,,133.9,3,30.3,NA,NA,NA,40,#VALUE!,
2017-6197,6197,6197_244_12,12,0,M,3C,3667,3864,NA,cold,3,,140,,,,133.9,3,30.3,NA,NA,NA,40,#VALUE!,
2017-6197,6197,6197_449_26,26,0,M,3C,3667,3864,NA,cold,3,,344,,,,133.9,3,30.3,NA,NA,NA,40,#VALUE!,
2017-6198,6198,6198_154_9,9,1,I,1C,3668,3870,NA,cold,2,drain end,62,,,,129.6,3,18.5,NA,NA,NA,40,#VALUE!,
2017-6198,6198,6198_230_12,12,1,I,2C,3668,3870,NA,cold,2,,125,,,,129.6,3,18.5,RNA High sensitivity,4/23/18 17:40,5.88,40,235.2,
2017-6198,6198,6198_428_26,26,1,I,2C,3668,3870,NA,cold,2,,321,,,,129.6,3,18.5,NA,NA,NA,40,#VALUE!,
2017-6199,6199,6199_151_9,9,1,I,1C,3670,3871,NA,cold,3,drain end,59,,,,134.1,3,20.6,RNA High sensitivity,4/6/18 14:03,2.34,40,93.6,
2017-6199,6199,6199_254_12,12,1,I,3C,3670,3871,NA,cold,3,,151,,,,134.1,3,20.6,NA,NA,NA,40,#VALUE!,
2017-6199,6199,6199_445_26,26,1,I,3C,3670,3871,NA,cold,3,,340,,,,134.1,3,20.6,NA,NA,NA,40,#VALUE!,
2017-6200,6200,6200_94_9,9,3,M,1C,3675,3872,reserve,cold,1,valve end,466,to tank 1,,,130.8,3,28.1,NA,NA,NA,40,#VALUE!,
2017-6200,6200,6200_208_12,12,3,M,1C,3675,3872,NA,cold,1,,102,,,,130.8,3,28.1,NA,NA,NA,40,#VALUE!,
2017-6200,6200,6200_416_26,26,3,M,1C,3675,3872,NA,cold,1,,308,,,,130.8,3,28.1,NA,NA,NA,40,#VALUE!,
2017-6201,6201,6201_163_9,9,1,I,1C,3678,3881,NA,ambient,7,drain end,72,,,,134.2,3,20,NA,NA,NA,40,#VALUE!,
2017-6201,6201,6201_341_12,12,1,I,7A,3678,3881,NA,ambient,7,,245,,,,134.2,3,20,NA,NA,NA,40,#VALUE!,
2017-6201,6201,6201_478_26,26,1,I,7A,3678,3881,NA,ambient,7,,376,,,,134.2,3,20,NA,NA,NA,40,#VALUE!,
2017-6202,6202,6202_109_9,9,1,I,3C,3679,3893,NA,ambient,8,drain end,12,,,,141.8,3,22.5,RNA High sensitivity,4/9/18 13:37,0,40,0,
2017-6202,6202,6202_337_12,12,1,I,8A,3679,3893,NA,ambient,8,,241,,,,141.8,3,22.5,NA,NA,NA,40,#VALUE!,
2017-6202,6202,6202_495_26,26,1,I,8A,3679,3893,NA,ambient,8,,395,,,,141.8,3,22.5,NA,NA,NA,40,#VALUE!,
2017-6203,6203,6203_113_9,9,0,M,3C,3687,3892,NA,cold,2,drain end,17,,,,133.3,4,28.8,NA,NA,NA,40,#VALUE!,
2017-6203,6203,6203_222_12,12,0,M,2C,3687,3892,NA,cold,2,,116,,,,133.3,4,28.8,RNA High sensitivity,5/24/18 13:51,4.2,40,168,
2017-6203,6203,6203_425_26,26,0,M,2C,3687,3892,NA,cold,2,,318,,,,133.3,4,28.8,RNA High sensitivity,5/1/18 14:28,2.84,40,113.6,
2017-6204,6204,6204_114_9,9,3,M,3C,3701,3709,NA,cold,3,drain end,18,,,,133,3,30,NA,NA,NA,40,#VALUE!,
2017-6204,6204,6204_252_12,12,3,M,3C,3701,3709,NA,cold,3,,149,,,,133,3,30,RNA High sensitivity,4/20/18 14:30,2.51,40,100.4,
2017-6204,6204,6204_448_26,26,3,M,3C,3701,3709,NA,cold,3,,343,,,,133,3,30,NA,NA,NA,40,#VALUE!,
2017-6205,6205,6205_121_9,9,0,I,3C,3703,3728,NA,ambient,7,drain end,26,discarded first draw; discolored. 2nd draw also discolored,,,130,3,22,RNA High sensitivity,4/6/18 14:02,1.38,40,55.2,
2017-6205,6205,6205_342_12,12,0,I,7A,3703,3728,NA,ambient,7,,246,,,,130,3,22,NA,NA,NA,40,#VALUE!,
2017-6205,6205,6205_475_26,26,0,I,7A,3703,3728,NA,ambient,7,,373,,,,130,3,22,NA,NA,NA,40,#VALUE!,
2017-6206,6206,6206_103_9,9,1,I,3C,3706,3900,NA,ambient,9,drain end,6,,,,131.6,3,19.9,NA,NA,NA,40,#VALUE!,
2017-6206,6206,6206_319_12,12,1,I,9A,3706,3900,NA,ambient,9,,221,,,,131.6,3,19.9,RNA High sensitivity,5/1/18 17:59,3.22,40,128.8,
2017-6206,6206,6206_509_26,26,1,I,9A,3706,3900,NA,ambient,9,,411,,,,131.6,3,19.9,NA,NA,NA,40,#VALUE!,
2017-6207,6207,6207_128_9,9,1,I,3C,3707,3913,NA,cold,1,drain end,33,,,,119.3,3,19,NA,NA,NA,40,#VALUE!,
2017-6207,6207,6207_202_12,12,1,I,1C,3707,3913,NA,cold,1,,96,,,,119.3,3,19,NA,NA,NA,40,#VALUE!,
2017-6207,6207,6207_412_26,26,1,I,1C,3707,3913,NA,cold,1,,304,,,,119.3,3,19,RNA High sensitivity,5/1/18 17:59,2.69,40,107.6,
2017-6208,6208,6208_106_9,9,1,I,3C,3710,3723,NA,cold,2,drain end,9,,,,126.2,3,19.1,NA,NA,NA,40,#VALUE!,
2017-6208,6208,6208_229_12,12,1,I,2C,3710,3723,NA,cold,2,,123,,,,126.2,3,19.1,NA,NA,NA,40,#VALUE!,
2017-6208,6208,6208_435_26,26,1,I,2C,3710,3723,NA,cold,2,,329,,,,126.2,3,19.1,NA,NA,NA,40,#VALUE!,
2017-6209,6209,6209_125_9,9,1,I,3C,3714,3716,NA,cold,3,drain end,30,"discolored, pink/brown hemolymph",,,126.8,3,20,RNA High sensitivity,4/29/18 17:58,0,40,0,
2017-6209,6209,6209_251_12,12,1,I,3C,3714,3716,NA,cold,3,,148,,,,126.8,3,20,RNA High sensitivity,5/1/18 14:27,5.08,40,203.2,
2017-6209,6209,6209_444_26,26,1,I,3C,3714,3716,NA,cold,3,,339,,,,126.8,3,20,RNA High sensitivity,4/9/18 13:19,0.88,40,35.2,
2017-6210,6210,6210_120_9,9,1,I,3C,3718,3914,NA,warm,4,anywhere,25,,,,127.7,3,19,NA,NA,NA,40,#VALUE!,
2017-6210,6210,6210_274_12,12,1,I,4W,3718,3914,NA,warm,4,,173,,,,127.7,3,19,NA,NA,NA,40,#VALUE!,
2017-6210,6210,6210_401_26,26,1,I,4W,3718,3914,NA,warm,4,,292,,,,127.7,3,19,NA,NA,NA,40,#VALUE!,
2017-6211,6211,6211_118_9,9,1,I,3C,3724,3890,NA,ambient,7,drain end,22,,,,128.8,3,19,NA,NA,NA,40,#VALUE!,
2017-6211,6211,6211_349_12,12,1,I,7A,3724,3890,NA,ambient,7,,253,BCS+,,,128.8,3,19,RNA High sensitivity,4/23/18 17:41,0.84,40,33.6,
2017-6211,6211,6211_481_26,26,1,I,7A,3724,3890,NA,ambient,7,,380,,,,128.8,3,19,RNA High sensitivity,5/24/18 17:46,3.03,40,121.2,
2017-6212,6212,6212_132_9,9,1,I,3C,3725,3912,NA,ambient,8,drain end,38,,,,145,3,21.1,RNA High sensitivity,4/9/18 13:19,0,40,0,
2017-6212,6212,6212_334_12,12,1,I,8A,3725,3912,NA,ambient,8,,238,,,,145,3,21.1,NA,NA,NA,40,#VALUE!,
2017-6212,6212,6212_485_26,26,1,I,8A,3725,3912,NA,ambient,8,,384,,,,145,3,21.1,NA,NA,NA,40,#VALUE!,
2017-6213,6213,6213_108_9,9,0,I,3C,3904,3906,NA,ambient,9,drain end,11,,,,124.3,3,21.6,NA,NA,NA,40,#VALUE!,
2017-6213,6213,6213_310_12,12,0,I,9A,3904,3906,NA,ambient,9,,212,,,,124.3,3,21.6,NA,NA,NA,40,#VALUE!,
2017-6213,6213,6213_506_26,26,0,I,9A,3904,3906,NA,ambient,9,,408,,,,124.3,3,21.6,NA,NA,NA,40,#VALUE!,
2017-6214,6214,6214_107_9,9,1,I,3C,3905,3920,NA,ambient,9,drain end,10,,,,129.1,3,18.9,NA,NA,NA,40,#VALUE!,
2017-6214,6214,6214_311_12,12,1,I,9A,3905,3920,NA,ambient,9,,213,,,,129.1,3,18.9,NA,NA,NA,40,#VALUE!,
2017-6214,6214,6214_504_26,26,1,I,9A,3905,3920,NA,ambient,9,,406,,,,129.1,3,18.9,RNA High sensitivity,4/10/18 17:23,0,40,0,
2017-6215,6215,6215_23_9,9,1,I,8A,3120,3516,NA,cold,3,drain end,124,new tag 3423/3516 (3423 tag was used before),,,112.3,3,15.1,NA,NA,NA,40,#VALUE!,
2017-6215,6215,6215_253_12,12,1,#N/A,3C,3423,3516,NA,cold,3,,150,,,,#N/A,#N/A,#N/A,RNA High sensitivity,5/1/18 17:59,5.04,40,201.6,
2017-6215,6215,6215_457_26,26,1,#N/A,3C,3423,3516,NA,cold,3,,353,,,,#N/A,#N/A,#N/A,RNA High sensitivity,4/6/18 13:39,2.68,40,107.2,
2017-6216,6216,6216_40_9,9,0,I,9A,3015,3344,NA,warm,4,anywhere,291,,,,113,4,20.1,NA,NA,NA,40,#VALUE!,
2017-6216,6216,6216_267_12,12,0,I,4W,3015,3344,NA,warm,4,,165,,11/13/17,,113,4,20.1,NA,NA,NA,40,#VALUE!,
2017-6217,6217,6217_129_9,9,0,I,3C,3022,3164,NA,warm,5,anywhere,34,,,,123.1,3,20,NA,NA,NA,40,#VALUE!,
2017-6217,6217,6217_285_12,12,0,I,5W,3022,3164,NA,warm,5,,185,,11/16/17,,123.1,3,20,NA,NA,NA,40,#VALUE!,
2017-6218,6218,6218_93_9,9,3,I,1C,3038,3289,NA,warm,6,drain end,465,,,,118.3,3,17.9,RNA High sensitivity,3/26/18 13:25,0,40,0,
2017-6218,6218,6218_373_12,12,3,I,6W,3038,3289,NA,warm,6,,280,,11/12/17,,118.3,3,17.9,NA,NA,NA,40,#VALUE!,
2017-6219,6219,6219_116_9,9,1,I,3C,3043,3135,NA,warm,4,anywhere,20,,,,125.1,3,18.7,NA,NA,NA,40,#VALUE!,
2017-6219,6219,6219_276_12,12,1,I,4W,3043,3135,NA,warm,4,,175,,11/14/17,,125.1,3,18.7,RNA High sensitivity,4/28/18 15:42,1.64,40,65.6,
2017-6220,6220,6220_162_9,9,1,I,1C,3047,3278,NA,warm,5,anywhere,71,,,,82,3,6.7,NA,NA,NA,40,#VALUE!,
2017-6220,6220,6220_293_12,12,1,I,5W,3047,3278,NA,warm,5,,194,,11/12/17,,82,3,6.7,NA,NA,NA,40,#VALUE!,
2017-6221,6221,6221_16_9,9,1,I,8A,3051,3535,NA,warm,6,anywhere,68,,,,113.2,3,15.7,RNA High sensitivity,4/29/18 17:58,2.1,40,84,
2017-6221,6221,6221_380_12,12,1,I,6W,3051,3535,NA,warm,6,,288,,11/12/17,,113.2,3,15.7,NA,NA,NA,40,#VALUE!,
2017-6222,6222,6222_1_9,9,0,M,8A,3057,3445,NA,warm,4,anywhere,2,,,,117.6,4,26.6,NA,NA,NA,40,#VALUE!,
2017-6222,6222,6222_266_12,12,0,M,4W,3057,3445,NA,warm,4,,164,,11/13/17,,117.6,4,26.6,NA,NA,NA,40,#VALUE!,
2017-6223,6223,6223_44_9,9,0,M,9A,3080,3511,NA,warm,4,anywhere,334,,,,113.7,3,22.1,NA,NA,NA,40,#VALUE!,
2017-6223,6223,6223_270_12,12,0,M,4W,3080,3511,NA,warm,4,,169,,11/14/17,,113.7,3,22.1,NA,NA,NA,40,#VALUE!,
2017-6224,6224,6224_74_9,9,1,I,7A,3083,3429,NA,warm,4,drain end,444,,,,122,3,17.1,RNA High sensitivity,4/23/18 17:40,8.24,40,329.6,
2017-6224,6224,6224_277_12,12,1,I,4W,3083,3429,NA,warm,4,,176,,11/13/17,,122,3,17.1,RNA High sensitivity,2/28/18 18:00,Out of range,40,#VALUE!,
2017-6225,6225,6225_92_9,9,1,I,7A,3084,3377,NA,warm,5,drain end,464,,,,118.2,3,15.2,NA,NA,NA,40,#VALUE!,
2017-6225,6225,6225_298_12,12,1,I,5W,3084,3377,NA,warm,5,,199,,11/11/17,,118.2,3,15.2,NA,NA,NA,40,#VALUE!,
2017-6226,6226,6226_85_9,9,0,I,7A,3085,3233,NA,warm,4,drain end,456,,,,124.8,3,18.8,NA,NA,NA,40,#VALUE!,
2017-6226,6226,6226_260_12,12,0,I,4W,3085,3233,NA,warm,4,,158,,11/13/17,,124.8,3,18.8,NA,NA,NA,40,#VALUE!,
2017-6227,6227,6227_83_9,9,1,I,7A,3086,3155,NA,warm,6,drain end,454,,,,116.7,3,17,NA,NA,NA,40,#VALUE!,
2017-6227,6227,6227_366_12,12,1,I,6W,3086,3155,NA,warm,6,,272,,11/12/17,,116.7,3,17,NA,NA,NA,40,#VALUE!,
2017-6228,6228,6228_29_9,9,0,I,8A,3087,3462,NA,warm,5,anywhere,190,,,,127.7,4,19.4,NA,NA,NA,40,#VALUE!,
2017-6228,6228,6228_290_12,12,0,I,5W,3087,3462,NA,warm,5,,191,,11/17/17,,127.7,4,19.4,NA,NA,NA,40,#VALUE!,
2017-6229,6229,6229_89_9,9,0,I,7A,3090,3496,NA,warm,6,drain end,460,,,,109.4,3,13.9,NA,NA,NA,40,#VALUE!,
2017-6229,6229,6229_379_12,12,0,I,6W,3090,3496,NA,warm,6,,286,,11/15/17,,109.4,3,13.9,NA,NA,NA,40,#VALUE!,
2017-6230,6230,6230_22_9,9,0,M,8A,3118,3474,NA,warm,5,anywhere,113,,,,114.5,4,24.1,NA,NA,NA,40,#VALUE!,
2017-6230,6230,6230_292_12,12,0,M,5W,3118,3474,NA,warm,5,,193,,11/16/17,,114.5,4,24.1,NA,NA,NA,40,#VALUE!,
2017-6231,6231,6231_102_9,9,1,I,3C,3122,3163,NA,warm,4,anywhere,5,,,,133.6,3,22.6,NA,NA,NA,40,#VALUE!,
2017-6231,6231,6231_278_12,12,1,I,4W,3122,3163,NA,warm,4,,177,,11/14/17,,133.6,3,22.6,NA,NA,NA,40,#VALUE!,
2017-6232,6232,6232_52_9,9,0,M,9A,3144,3319,NA,warm,5,anywhere,420,,,,119.4,3,23,NA,NA,NA,40,#VALUE!,
2017-6232,6232,6232_286_12,12,0,M,5W,3144,3319,NA,warm,5,,186,,11/12/17,,119.4,3,23,NA,NA,NA,40,#VALUE!,
2017-6233,6233,6233_117_9,9,1,I,3C,3148,3256,NA,warm,6,anywhere,21,,,,108,3,16.1,RNA High sensitivity,4/9/18 13:37,1.72,40,68.8,
2017-6233,6233,6233_371_12,12,1,I,6W,3148,3256,NA,warm,6,,278,,11/12/17,,108,3,16.1,NA,NA,NA,40,#VALUE!,
2017-6234,6234,6234_2_9,9,0,I,8A,3177,3283,NA,warm,4,anywhere,93,,,,127.4,4,18.2,NA,NA,NA,40,#VALUE!,
2017-6234,6234,6234_263_12,12,0,I,4W,3177,3283,NA,warm,4,,161,,11/13/17,,127.4,4,18.2,NA,NA,NA,40,#VALUE!,
2017-6235,6235,6235_35_9,9,0,I,9A,3188,3223,NA,warm,5,anywhere,254,,,,110.3,4,18.7,NA,NA,NA,40,#VALUE!,
2017-6235,6235,6235_297_12,12,0,I,5W,3188,3223,NA,warm,5,,198,,11/11/17,,110.3,4,18.7,NA,NA,NA,40,#VALUE!,
2017-6236,6236,6236_157_9,9,0,I,1C,3195,3350,NA,warm,6,anywhere,65,,,,118.7,3,19,RNA High sensitivity,3/27/18 15:08,0,40,0,
2017-6236,6236,6236_361_12,12,0,I,6W,3195,3350,NA,warm,6,,267,,11/12/17,,118.7,3,19,RNA High sensitivity,5/23/18 14:54,4.88,40,195.2,
2017-6237,6237,6237_17_9,9,1,I,8A,3202,3549,NA,warm,4,anywhere,79,,,,115.3,3,15.7,NA,NA,NA,40,#VALUE!,
2017-6237,6237,6237_271_12,12,1,I,4W,3202,3549,NA,warm,4,,170,,11/12/17,,115.3,3,15.7,NA,NA,NA,40,#VALUE!,
2017-6238,6238,6238_9_9,9,0,M,8A,3205,3243,NA,warm,6,anywhere,461,,,,118.6,4,24.3,RNA High sensitivity,4/10/18 17:23,0,40,0,
2017-6238,6238,6238_375_12,12,0,M,6W,3205,3243,NA,warm,6,,282,,11/12/17,,118.6,4,24.3,NA,NA,NA,40,#VALUE!,
2017-6239,6239,6239_166_9,9,1,I,1C,3212,3562,NA,warm,5,anywhere,75,,,,87.3,3,12.1,NA,NA,NA,40,#VALUE!,
2017-6239,6239,6239_291_12,12,1,I,5W,3212,3562,NA,warm,5,,192,,11/16/17,,87.3,3,12.1,NA,NA,NA,40,#VALUE!,
2017-6240,6240,6240_134_9,9,1,I,3C,3213,3418,NA,warm,6,anywhere,40,,,dead crab recorded as 3213/3418,125.2,3,20.1,RNA High sensitivity,5/23/18 14:54,1.75,40,70,
2017-6240,6240,6240_362_12,12,1,I,6W,3213,3218,NA,warm,6,,268,,11/12/17,,125.2,3,20.1,NA,NA,NA,40,#VALUE!,
2017-6241,6241,6241_62_9,9,1,I,7A,3226,3489,NA,ambient,8,drain end,431,,,,114.1,3,16.6,NA,NA,NA,40,#VALUE!,
2017-6241,6241,6241_323_12,12,1,I,8A,3226,3489,NA,ambient,8,,226,,11/16/17,,114.1,3,16.6,NA,NA,NA,40,#VALUE!,
2017-6242,6242,6242_39_9,9,0,M,9A,3269,3360,NA,warm,6,anywhere,289,,,,111.9,4,20.9,NA,NA,NA,40,#VALUE!,
2017-6242,6242,6242_377_12,12,0,M,6W,3269,3360,NA,warm,6,,284,,11/12/17,,111.9,4,20.9,NA,NA,NA,40,#VALUE!,
2017-6243,6243,6243_173_9,9,1,I,1C,3271,3290,NA,warm,4,anywhere,83,,11/12/17,,95.7,4,12.7,RNA High sensitivity,5/24/18 17:47,3.44,40,137.6,
2017-6243,6243,6243_272_12,12,1,I,4W,3271,3290,NA,warm,4,,171,,,,95.7,4,12.7,RNA High sensitivity,4/28/18 15:42,3.41,40,136.4,
2017-6244,6244,6244_58_9,9,1,I,7A,3272,3393,NA,warm,5,anywhere,426,,,,119.3,3,19,NA,NA,NA,40,#VALUE!,
2017-6244,6244,6244_284_12,12,1,I,5W,3272,3393,NA,warm,5,,184,,11/15/17,,119.3,3,19,NA,NA,NA,40,#VALUE!,
2017-6245,6245,6245_126_9,9,1,I,3C,3280,3368,NA,warm,6,anywhere,31,,,,122.6,3,18.4,NA,NA,NA,40,#VALUE!,
2017-6245,6245,6245_365_12,12,1,I,6W,3280,3368,NA,warm,6,,271,,11/12/17,,122.6,3,18.4,NA,NA,NA,40,#VALUE!,
2017-6246,6246,6246_3_9,9,0,I,8A,3299,3383,NA,warm,4,anywhere,201,,,,116,3,18.1,NA,NA,NA,40,#VALUE!,
2017-6246,6246,6246_265_12,12,0,I,4W,3299,3383,NA,warm,4,,163,,11/13/17,,116,3,18.1,NA,NA,NA,40,#VALUE!,
2017-6247,6247,6247_152_9,9,0,I,1C,3315,3500,NA,warm,5,anywhere,60,,,,118.4,3,19.4,NA,NA,NA,40,#VALUE!,
2017-6247,6247,6247_287_12,12,0,I,5W,3315,3500,NA,warm,5,,187,,11/12/17,,118.4,3,19.4,NA,NA,NA,40,#VALUE!,
2017-6248,6248,6248_49_9,9,0,I,9A,3316,3435,NA,warm,6,anywhere,389,,,,111.6,4,19.8,NA,NA,NA,40,#VALUE!,
2017-6248,6248,6248_378_12,12,0,I,6W,3316,3435,NA,warm,6,,285,,11/12/17,,111.6,4,19.8,NA,NA,NA,40,#VALUE!,
2017-6249,6249,6249_96_9,9,1,I,1C,3353,3446,NA,warm,4,anywhere,468,,11/13/17,,102.1,3,14.3,NA,NA,NA,40,#VALUE!,
2017-6249,6249,6249_279_12,12,1,I,4W,3353,3446,NA,warm,4,,178,,,,102.1,3,14.3,RNA High sensitivity,5/1/18 14:27,26,40,1040,
2017-6250,6250,6250_72_9,9,1,I,7A,3373,3406,NA,warm,5,anywhere,442,,,,111.8,3,15,NA,NA,NA,40,#VALUE!,
2017-6250,6250,6250_294_12,12,1,I,5W,3373,3406,NA,warm,5,,195,,11/17/17,,111.8,3,15,NA,NA,NA,40,#VALUE!,
2017-6251,6251,6251_167_9,9,1,I,1C,3375,3478,NA,warm,6,anywhere,76,discolored hemolymph,,,97.6,3,13.2,NA,NA,NA,40,#VALUE!,
2017-6251,6251,6251_376_12,12,1,I,6W,3375,3478,NA,warm,6,,283,,11/12/17,,97.6,3,13.2,NA,NA,NA,40,#VALUE!,
2017-6252,6252,6252_99_9,9,3,M,8A,3492,3731,NA,ambient,8,drain end,471,"3386/3492, retag 3492/3731",,,99.1,3,19.3,NA,NA,NA,40,#VALUE!,
2017-6252,6252,6252_330_12,12,3,M,8A,3492,3731,NA,ambient,8,,234,,,,99.1,3,19.3,NA,NA,NA,40,#VALUE!,
2017-6253,6253,6253_25_9,9,0,I,8A,3566,3571,NA,warm,4,anywhere,146,,,,86.9,3,9.9,NA,NA,NA,40,#VALUE!,
2017-6253,6253,6253_275_12,12,0,I,4W,3566,3571,NA,warm,4,,174,,11/13/17,,86.9,3,9.9,RNA High sensitivity,5/1/18 14:28,3.36,40,134.4,
2017-6254,6254,6254_69_9,9,0,I,7A,3567,3595,NA,warm,5,anywhere,438,,,,119.7,3,19.9,NA,NA,NA,40,#VALUE!,
2017-6254,6254,6254_296_12,12,0,I,5W,3567,3595,NA,warm,5,,197,,11/16/17,,119.7,3,19.9,NA,NA,NA,40,#VALUE!,
2017-6255,6255,6255_143_9,9,1,I,2C,3601,3810,NA,warm,4,anywhere,50,,,,132.8,3,19,NA,NA,NA,40,#VALUE!,
2017-6255,6255,6255_262_12,12,1,I,4W,3601,3810,NA,warm,4,,160,,11/12/17,,132.8,3,19,NA,NA,NA,40,#VALUE!,
2017-6256,6256,6256_146_9,9,1,I,2C,3608,3845,NA,warm,5,anywhere,53,,,,128.4,3,19.2,NA,NA,NA,40,#VALUE!,
2017-6256,6256,6256_283_12,12,1,I,5W,3608,3845,NA,warm,5,,183,,11/11/17,,128.4,3,19.2,NA,NA,NA,40,#VALUE!,
2017-6257,6257,6257_138_9,9,1,I,2C,3614,3800,NA,warm,6,anywhere,44,,,,123,3,16.7,NA,NA,NA,40,#VALUE!,
2017-6257,6257,6257_363_12,12,1,I,6W,3614,3800,NA,warm,6,,269,,11/12/17,,123,3,16.7,NA,NA,NA,40,#VALUE!,
2017-6258,6258,6258_140_9,9,3,M,2C,3618,3806,NA,warm,4,anywhere,47,,11/12/17,,126.4,3,27.4,RNA High sensitivity,4/9/18 13:18,7.32,40,292.8,
2017-6258,6258,6258_261_12,12,3,M,4W,3618,3806,NA,warm,4,,159,,,,126.4,3,27.4,NA,NA,NA,40,#VALUE!,
2017-6259,6259,6259_139_9,9,0,M,2C,3621,3818,NA,warm,5,anywhere,45,,,,134.7,3,27.9,RNA High sensitivity,4/29/18 17:58,5.4,40,216,
2017-6259,6259,6259_281_12,12,0,M,5W,3621,3818,NA,warm,5,,181,,11/15/17,,134.7,3,27.9,NA,NA,NA,40,#VALUE!,
2017-6260,6260,6260_136_9,9,0,M,2C,3631,3832,NA,warm,6,anywhere,42,,,,127.3,3,25.9,RNA High sensitivity,4/24/18 14:51,0,40,0,
2017-6260,6260,6260_374_12,12,0,M,6W,3631,3832,NA,warm,6,,281,,11/12/17,,127.3,3,25.9,NA,NA,NA,40,#VALUE!,
2017-6261,6261,6261_164_9,9,1,I,1C,3650,3851,NA,warm,4,anywhere,73,,11/13/17,,126.9,3,18.9,RNA High sensitivity,5/2/18 13:08,5.28,40,211.2,
2017-6261,6261,6261_273_12,12,1,I,4W,3650,3851,NA,warm,4,,172,,,,126.9,3,18.9,NA,NA,NA,40,#VALUE!,
2017-6262,6262,6262_168_9,9,1,I,1C,3651,3856,NA,warm,5,anywhere,77,,,,135.5,3,20.7,RNA High sensitivity,3/26/18 13:25,1.71,40,68.4,
2017-6262,6262,6262_289_12,12,1,I,5W,3651,3856,NA,warm,5,,189,,11/16/17,,135.5,3,20.7,NA,NA,NA,40,#VALUE!,
2017-6263,6263,6263_179_9,9,1,I,1C,3653,3857,NA,warm,6,anywhere,89,,,,129.2,3,20.6,RNA High sensitivity,5/23/18 14:55,4.96,40,198.4,
2017-6263,6263,6263_368_12,12,1,I,6W,3653,3857,NA,warm,6,,274,,11/12/17,,129.2,3,20.6,RNA High sensitivity,4/20/18 14:30,2.44,40,97.6,
2017-6264,6264,6264_180_9,9,0,I,1C,3660,3863,NA,warm,4,anywhere,91,,11/13/17,,125,3,20.7,NA,NA,NA,40,#VALUE!,
2017-6264,6264,6264_268_12,12,0,I,4W,3660,3863,NA,warm,4,,166,,,,125,3,20.7,NA,NA,NA,40,#VALUE!,
2017-6265,6265,6265_155_9,9,0,I,1C,3669,3874,NA,warm,5,anywhere,63,,,,133,3,22.4,NA,NA,NA,40,#VALUE!,
2017-6265,6265,6265_282_12,12,0,I,5W,3669,3874,NA,warm,5,,182,,11/16/17,,133,3,22.4,NA,NA,NA,40,#VALUE!,
2017-6266,6266,6266_156_9,9,1,I,1C,3671,3875,NA,warm,4,anywhere,64,,11/13/17,,136.6,3,22,NA,NA,NA,40,#VALUE!,
2017-6266,6266,6266_264_12,12,1,I,4W,3671,3875,NA,warm,4,,162,,,,136.6,3,22,RNA High sensitivity,5/24/18 13:51,2.88,40,115.2,
2017-6267,6267,6267_159_9,9,1,I,1C,3672,3876,NA,warm,5,anywhere,67,,,,133,3,19.7,NA,NA,NA,40,#VALUE!,
2017-6267,6267,6267_288_12,12,1,I,5W,3672,3876,NA,warm,5,,188,,11/17/17,,133,3,19.7,NA,NA,NA,40,#VALUE!,
2017-6268,6268,6268_97_9,9,0,I,1C,3673,3877,NA,warm,6,anywhere,469,,,,130,3,20.4,RNA High sensitivity,3/28/18 14:17,5.16,40,206.4,
2017-6268,6268,6268_97_9,9,0,I,1C,3673,3877,NA,warm,6,anywhere,469,,,,130,3,20.4,RNA High sensitivity,4/9/18 13:38,5.16,40,206.4,
2017-6268,6268,6268_369_12,12,0,I,6W,3673,3877,NA,warm,6,,275,,11/12/17,,130,3,20.4,NA,NA,NA,40,#VALUE!,
2017-6269,6269,6269_160_9,9,1,I,1C,3677,3880,NA,warm,6,anywhere,69,,,,145.6,3,22.4,NA,NA,NA,40,#VALUE!,
2017-6269,6269,6269_364_12,12,1,I,6W,3677,3880,NA,warm,6,,270,,11/12/17,,145.6,3,22.4,NA,NA,NA,40,#VALUE!,
2017-6270,6270,6270_131_9,9,0,M,3C,3702,3902,NA,warm,4,anywhere,37,,11/12/17,,129.8,4,28.8,RNA High sensitivity,5/1/18 17:58,3.38,40,135.2,
2017-6270,6270,6270_269_12,12,0,M,4W,3702,3902,NA,warm,4,,167,,,,129.8,4,28.8,NA,NA,NA,40,#VALUE!,
2017-6271,6271,6271_105_9,9,0,M,3C,3708,3717,NA,warm,5,anywhere,8,,,,134.1,3,26,NA,NA,NA,40,#VALUE!,
2017-6271,6271,6271_295_12,12,0,M,5W,3708,3717,NA,warm,5,,196,,11/16/17,,134.1,3,26,NA,NA,NA,40,#VALUE!,
2017-6272,6272,6272_111_9,9,0,I,3C,3715,3719,NA,ambient,8,drain end,15,,,,124.5,3,20.6,NA,NA,NA,40,#VALUE!,
2017-6272,6272,6272_338_12,12,0,I,8A,3715,3719,NA,ambient,8,,242,,11/16/17,,124.5,3,20.6,NA,NA,NA,40,#VALUE!,
2017-6273,6273,6273_127_9,9,1,I,3C,3720,3915,NA,warm,5,anywhere,32,,,,133.7,3,19.7,NA,NA,NA,40,#VALUE!,
2017-6273,6273,6273_280_12,12,1,I,5W,3720,3915,NA,warm,5,,180,,11/12/17,,133.7,3,19.7,NA,NA,NA,40,#VALUE!,
2017-6274,6274,6274_122_9,9,1,I,3C,3721,3908,NA,warm,6,anywhere,27,,,,131.8,3,19.5,NA,NA,NA,40,#VALUE!,
2017-6274,6274,6274_367_12,12,1,I,6W,3721,3908,NA,warm,6,,273,,11/12/17,,131.8,3,19.5,NA,NA,NA,40,#VALUE!,
2017-6275,6275,6275_110_9,9,3,M,3C,3727,3911,NA,warm,6,anywhere,14,,,,127.1,3,26.9,RNA High sensitivity,4/6/18 13:38,4.92,40,196.8,
2017-6275,6275,6275_372_12,12,3,M,6W,3727,3911,NA,warm,6,,279,,11/12/17,,127.1,3,26.9,NA,NA,NA,40,#VALUE!,
2017-6276,6276,6276_50_9,9,0,I,9A,3381,3517,NA,ambient,9,drain end,401,,11/10/17,,112,4,19.5,RNA High sensitivity,4/20/18 14:30,2.18,40,87.2,
2017-6277,6277,6277_177_9,9,0,I,1C,3652,3855,NA,cold,3,drain end,87,,11/10/17,,126.3,3,22.7,NA,NA,NA,40,#VALUE!,
2017-6278,6278,6278_147_9,9,1,I,2C,3633,3812,NA,cold,1,drain end,54,,,,128.4,4,18,NA,NA,NA,40,#VALUE!,
2017-6278,6278,6278__12,12,1,I,1C,3633,3812,NA,cold,1,,1,,"tubes 211,217 not recorded; 219 recorded twice",,128.4,4,18,NA,NA,NA,40,#VALUE!,
2017-6278,6278,6278_413_26,26,1,I,1C,3633,3812,NA,cold,1,,305,,,,128.4,4,18,RNA High sensitivity,4/6/18 14:03,2.44,40,97.6,
2017-6279,6279,6279_13_9,9,1,I,8A,3182,3184,NA,cold,1,drain end,35,,"3088/3138 died before any RNA sampling; suspect 219 tube OK & has 3182/3184, but no way to  be sure",,111.6,3,13.9,NA,NA,NA,40,#VALUE!,
2017-6279,6279,6279_219_12,12,1,I,1C,3182,3184,NA,cold,1,,112,,"3088/3138 died before any RNA sampling; suspect 219 tube OK & has 3182/3184, but no way to  be sure",,111.6,3,13.9,NA,NA,NA,40,#VALUE!,
2017-6279,6279,6279_411_26,26,1,I,1C,3182,3184,NA,cold,1,,303,,"3088/3138 died before any RNA sampling; suspect 219 tube OK & has 3182/3184, but no way to  be sure",,111.6,3,13.9,NA,NA,NA,40,#VALUE!,
2017-6280,6280,6280_tes_NA,NA,3,NA,NA,3114,3133,NA,,NA,,472,for Steven to test RNA yield; not in experiment,,,#N/A,#N/A,#N/A,NA,NA,NA,40,#VALUE!,
2017-6281,6281,6281_tes_NA,NA,3,I,NA,3712,3726,NA,,NA,,473,for Steven to test RNA yield; not in experiment,,,131.4,3,22.6,NA,NA,NA,40,#VALUE!,
2017-6282,6282,6282_tes_NA,NA,3,M,NA,3016,3424,NA,,NA,,474,for Steven to test RNA yield; not in experiment,,,129.5,3,26.9,RNA High sensitivity,4/9/18 13:20,0,40,0,